index_code,indx_sname,index_ename,num,tclose,yld_1_mon,base_point,base_date,online_date,is_custom,is_show,index_c_intro,index_e_intro,index_c_fullname,index_e_fullname,class_series,class_eseries,class_region,class_eregion,class_assets,class_eassets,class_classify,class_eclassify,class_currency,class_ecurrency,class_hot,class_ehot
H11100,香港100,HK100,100.0,2624.2,5.71,1000.0,2004-12-31 00:00:00,2008-05-07,0,1,<p><p><font>中证香港</font>100<font>指数选取香港市场最大</font><font>100</font><font>只证券作为样本股，采用自由流通市值加权计算，以综合反映在香港交易所上市证券的整体表现。</font></p><p>&nbsp;</p></p>,"<p><p>CSI Hong Kong 100 index selects the biggest 100&nbsp;securities in Hong Kong market&nbsp;as the index constituents,&nbsp;the index is weighted&nbsp;by free float market cap. The index can measure the overall performance of Hong Kong market.</p></p>",中证香港100指数,CSI Hong Kong 100 Index,中证系列指数,CSI Indices,境外,Overseas(including HK),股票,Equity,规模,Size,港元,HKD,,
H11102,非港内地,OvMainlandexHK,30.0,5813.79,14.4,1000.0,2004-12-31 00:00:00,2008-11-10,0,1,中证海外（不含香港）内地股指数由海外（不含香港）市场最大的30只内地股票组成样本股，属于中证华股指数系列，旨在全面反映全球各证券交易所上市的中国概念股票的整体表现。,CSI Overseas Mainland Enterprises ex HK Index consists of the largest 30 mainland enterprises stocks traded in overseas ex Hong Kong markets. It belongs to the CSI Great China Index Series which aims to comprehensively reflect the performance of the China concept stocks listed in global markets.,中证海外（不含香港）内地股指数,CSI Overseas Mainland Enterprises ex HK Index,中证系列指数,CSI Indices,境外,Overseas(including HK),股票,Equity,主题,Thematic,人民币,CNY,,
H11123,香港内地50,HK Mainland 50,50.0,4080.34,5.58,1000.0,2004-12-31 00:00:00,2008-11-10,0,1,中证香港内地股指数由香港市场最大的50只内地股票组成样本股，属于中证华股指数系列，旨在全面反映全球各证券交易所上市的中国概念股票的整体表现。,CSI Hong Kong Mainland Enterprises Index consists of the largest 50 mainland enterprises stocks traded in Hong Kong market. It belongs to the CSI Great China Index Series which aims to comprehensively reflect the performance of the China concept stocks listed in global markets.,中证香港内地股50指数,CSI Hong Kong Mainland Enterprises 50 Index,中证系列指数,CSI Indices,境外,Overseas(including HK),股票,Equity,规模,Size,港元,HKD,,
H11140,香港红利,HK Dividend,30.0,2440.91,4.34,1000.0,2004-12-31 00:00:00,2009-07-23,0,1,中证香港红利指数挑选在香港交易所上市的现金股息率高、分红比较稳定、具有一定流动性的30只证券作为样本，以反映香港市场高股息率证券的整体状况和走势。,CSI Hong Kong Dividend Index selects the 30 securities with high dividend yield and stable dividend payment in Hong Kong market. The Index reflects the overall performance of high dividend yield securities.,中证香港红利指数,CSI Hong Kong Dividend Index,中证系列指数,CSI Indices,境外,Overseas(including HK),股票,Equity,策略,Strategy,港元,HKD,红利/高股息,High Dividend
H11110,香港F50,CSI RAFI HK 50,49.0,1789.39,3.55,1000.0,2004-12-31 00:00:00,2010-06-02,0,1,<p><p>中证锐联香港基本面50指数以香港上市所有股票为样本空间，挑选基本面价值最大的50家公司作为样本股，且权重配置也由基本面价值大小决定。</p></p>,"<p><p>CSI RAFI Hong Kong 50 Index consists of 50 largest stocks in Hong Kong market in terms of fundamental value. Each stocks fundamental value is measured by 4 financial factors (Revenue, Cash Flow, Book Value and Dividends). And the weights of constituents are also decided by the fundamental value.</p></p>",中证锐联香港基本面50指数,CSI RAFI Hong Kong 50 Index,中证系列指数,CSI Indices,境外,Overseas(including HK),股票,Equity,策略,Strategy,港元,HKD,Smart Beta,Smart Beta
H11142,HKT香港地产,HKT Hong Kong Real Estate,10.0,738.53,1.15,1000.0,2007-12-31 00:00:00,2010-06-02,0,1,中证香港上市可交易香港地产指数反映香港证券市场同时具备高流动性、易于借券卖空等特征的香港地产类证券的整体走势。,CSI Hong Kong Listed Tradable Hong Kong Real Estate Index consists of representative constituents of CSI HK 300 Index that are in the real estate sector. It belongs to the CSI Hong Kong Listed Tradable Thematic Index Series which measures the performance of related thematic securities with high liquidity and availability to short in Hong Kong market. ,中证香港上市可交易香港地产指数,CSI Hong Kong Listed Tradable Hong Kong Real Estate Index,中证系列指数,CSI Indices,境外,Overseas(including HK),股票,Equity,主题,Thematic,港元,HKD,,
H11120,香港中盘精选,CSI HK Mid Cap Select,100.0,3047.42,10.83,1000.0,2004-12-31 00:00:00,2011-04-28,0,1,<p><p><font>中证香港中盘精选指数选取香港市场中等规模的</font>100<font>只证券作为样本股，采用自由流通市值加权计算，以反映在香港交易所上市中等规模证券的投资机会。</font></p></p>,"<p><p>CSI Hong Kong Middle Cap Select Index selects&nbsp;100 middle size securities in Hong Kong market&nbsp;as the index constituents, the index is weighted&nbsp;by free float market cap. The index can measure the investment opportunity of the middle size securities listed in HKEx.</p></p>",中证香港中盘精选指数,CSI Hong Kong Middle Cap Select Index,中证系列指数,CSI Indices,境外,Overseas(including HK),股票,Equity,主题,Thematic,港元,HKD,,
H11164,香港300,HK300,300.0,2652.87,6.83,1000.0,2004-12-31 00:00:00,2012-07-20,0,1,<p><p><font>中证香港</font>300<font>指数选取香港市场最大</font><font>300</font><font>只证券作为样本股，采用自由流通市值加权计算，以综合反映在香港交易所上市证券的整体表现。</font></p></p>,"<p><p>CSI Hong Kong 300 index selects the biggest 300&nbsp;securities in Hong Kong market&nbsp;as the index constituents,&nbsp;the index is weighted&nbsp;by free float market cap. The index can measure the overall performance of Hong Kong market.</p></p>",中证香港300指数,CSI Hong Kong 300 Index,中证系列指数,CSI Indices,境外,Overseas(including HK),股票,Equity,规模,Size,港元,HKD,,
H11165,香港200,HK200,200.0,3199.64,12.73,1000.0,2004-12-31 00:00:00,2012-07-20,0,1,中证香港200指数选取中证香港300指数中非中证香港100指数成分股，以反映这一群体的整体表现。,CSI Hong Kong 200 Index consists of the securities in CSI HK 300 Index but not in CSI HK 100 Index.,中证香港200指数,CSI Hong Kong 200 Index,中证系列指数,CSI Indices,境外,Overseas(including HK),股票,Equity,规模,Size,港元,HKD,,
CESHKM,中华香港内地指数,CES HKMI,40.0,9373.84,5.43,2000.0,2004-12-31 00:00:00,2013-03-18,0,1,<p><p>中华交易服务中国跨境指数系列由中华证券交易服务有限公司(中华交易服务)委托中证指数有限公司(中证指数)进行编制，指数编制方案由中证指数以及中华交易服务共同确定。中华交易服务中国跨境指数系列为一系列股票价格指数，由中华交易服务中国120指数(中华120)、中华交易服务中国A80指数(中华A80)、中华交易服务中国香港内地指数(中华香港内地指数)&nbsp;以及中华交易服务中国280指数(中华280)组成，以综合反映沪深港三地上市中国大、中盘股的整体表现。</p></p>,"<p><p>China Exchanges Services Company Ltd. (CESC) has appointed China Securities Index Co., Ltd. (CSIC) for index calculation, maintenance and dissemination. The index methodology is developed by mutual agreement between CESC and CSIC. CES China Cross Border Index series is a series of price return indices and includes CES CHINA 120 INDEX (CES 120), CES CHINA A80 INDEX (CES A80), CES CHINA HK MAINLAND INDEX (CES HKMI) and CES CHINA 280 INDEX (CES 280), the index series provides a measure of market performance for Chinese large and mid cap stocks listed on The Stock Exchange of Hong Kong Limited (SEHK), Shanghai Stock Exchange (SSE) and Shenzhen Stock Exchange (SZSE).</p></p>",中华交易服务中国香港内地指数,CES China HK Mainland Index,中华交易系列指数,CESC Indices,境外,Overseas(including HK),股票,Equity,规模,Size,港元,HKD,,
931574,港股科技,HK Technology,51.0,3001.06,10.1,1000.0,2004-12-31 00:00:00,2013-05-21,0,1,<p><p><font>中证</font><font>香港科技</font><font>指数</font><font>从香港上市证券中</font><font>选取</font>50<font>只</font><font>市值</font><font>较大、</font><font>研发</font><font>投入较高且</font><font>营收增速较好的</font><font>科技龙头上市公司证券</font><font>作为指数样本，以反映</font><font>香港市场科技龙头上市</font><font>公司</font><font>证券</font><font>的整体表现</font><font>。</font></p></p>,"<p><p>CSI Hong Kong Technology Index&nbsp;selects 50 securities of technology companies with the large market capitalization, high investment in R&amp;D and high growth rate from the listed securities in HKEX as the index constituents. The index aims to reflect the overall performance of leading technology companies listed on Hong Kong Stock Exchange.</p></p>",中证香港科技指数,CSI Hong Kong Technology Index,中证系列指数,CSI Indices,境外,Overseas(including HK),股票,Equity,主题,Thematic,港元,HKD,,
H30332,香港50,HK 50,50.0,2707.69,5.08,1000.0,2004-12-31 00:00:00,2014-05-21,0,1,<p><p><font>中证香港</font>50<font>指数由香港市场最大的</font><font>50</font><font>只证券组成，以全面反映香港证券市场证券价格变动的概貌和运行状况。</font></p></p>,"<p><p>CSI HK 50 Index chooses largest 50 securities in Hong Kong market, in order to measure the performance of the securities in Hong Kong market. </p></p>",中证香港50指数,CSI Hong Kong 50 Index,中证系列指数,CSI Indices,境外,Overseas(including HK),股票,Equity,规模,Size,港元,HKD,,
H30418,香港100动量,HK100 Momentum,40.0,3261.71,9.97,1000.0,2005-12-30 00:00:00,2014-10-24,0,1,中证香港100动量指数选取中证香港100指数样本股中风险调整动量指标最高的40只证券为样本股。,CSI HK100 Momentum Index consists of 40 stocks with the highest risk-adjusted momentum score among the CSI HK 100 Index constituents.,中证香港100动量指数,CSI HK100 Momentum Index,中证系列指数,CSI Indices,境外,Overseas(including HK),股票,Equity,策略,Strategy,港元,HKD,Smart Beta,Smart Beta
H30419,香港200动量,HK200 Momentum,80.0,4222.13,20.35,1000.0,2005-12-30 00:00:00,2014-10-24,0,1,中证香港200动量指数选取中证香港200指数样本股中风险调整动量指标最高的80只证券为样本股。,CSI HK200 Momentum Index consists of 80 stocks with the highest risk-adjusted momentum score among the CSI HK 200 Index constituents.,中证香港200动量指数,CSI HK200 Momentum Index,中证系列指数,CSI Indices,境外,Overseas(including HK),股票,Equity,策略,Strategy,港元,HKD,Smart Beta,Smart Beta
H30420,香港50ERC,HK50 ERC,47.0,1871.01,4.79,1000.0,2005-12-30 00:00:00,2014-10-24,0,1,中证香港50等风险贡献指数通过风险加权调整，使每个样本股对组合的风险贡献相同。,CSI HK50 ERC Index has the same constituents as the CSI HK 50 Index does. The Index aims to realize a balanced allocation such that the risk contribution of each constituent is equal.,中证香港50等风险贡献指数,CSI HK50 ERC Index,中证系列指数,CSI Indices,境外,Overseas(including HK),股票,Equity,策略,Strategy,港元,HKD,低风险,Low Risk
H30421,香港100ERC,HK100 ERC,97.0,1962.48,6.25,1000.0,2005-12-30 00:00:00,2014-10-24,0,1,中证香港100等风险贡献指数通过风险加权调整，使每个样本股对组合的风险贡献相同。,CSI HK100 ERC Index has the same constituents as the CSI HK 100 Index does. The Index aims to realize a balanced allocation such that the risk contribution of each constituent is equal.,中证香港100等风险贡献指数,CSI HK100 ERC Index,中证系列指数,CSI Indices,境外,Overseas(including HK),股票,Equity,策略,Strategy,港元,HKD,低风险,Low Risk
H30422,香港50EW,HK50EW,50.0,1947.45,6.46,1000.0,2005-12-30 00:00:00,2014-10-24,0,1,中证香港50等权重指数选取全部中证香港50指数样本股并采取等权重加权。,CSI HK50 Equal Weight Index has the same constituents as the CSI HK 50 Index does. Each constituents of the Index is assigned an identical weight.,中证香港50等权重指数,CSI HK50 Equal Weight Index,中证系列指数,CSI Indices,境外,Overseas(including HK),股票,Equity,策略,Strategy,港元,HKD,,
H50066,沪港AH溢价,SH-HK AH Premium,96.0,140.22,-3.77,100.0,2005-01-01 00:00:00,2014-11-17,0,1,上证沪港通AH溢价指数由沪港通范围内同时在沪港两地上市A股及H股的上市公司的A股股票以及H股股票组成，以反映沪港两地同时有A股及H股上市公司群体的两地股票交易折溢价水平。,SSE SH-HK AH Premium Index consists of the A shares and H shares of companies listed on both SSE and SEHK which are also eligible for Shanghai-Hong Kong Stock Connect. The Index is designed to reflect the price discount/premium between A shares and H shares of those companies.,沪港AH股溢价指数,SSE SH-HK AH Premium Index,上证系列指数,SSE Indices,跨境,Cross Border,股票,Equity,策略,Strategy,人民币,CNY,沪港深,Hong Kong Connect
SHHKSI,沪港精明,SHHK AH Smart Index,,8362.44,6.46,5000.0,2014-04-09 00:00:00,2014-11-17,0,1,中证恒生沪港通AH股精明指数以策略投资的方式将指数构建在同时在上交所和港交所上市的“AH公司”上。沪港通AH股精明指数将根据A股以及H股的相对价格，选择纳入样本公司的证券类别，捕捉在沪港通机制下的证券转换套利机会。,Hang Seng CSI Shanghai-Hong Kong AH Smart Index (“SHHKSI”) is developed to reflect an investment strategy which is comprised of the companies with dual listings of A-shares in SSE and H-shares in HKEx (“AH Companies”). The Index consists of either the A-shares or the H-shares of the companies depending on the relative prices in order to capture the arbitrage profit from share class switches.,中证恒生沪港通AH股精明指数,Hang Seng CSI Shanghai-Hong Kong AH Smart Index,中证系列指数,CSI Indices,跨境,Cross Border,股票,Equity,策略,Strategy,人民币,CNY,沪港深,Hong Kong Connect
H30455,沪港深500,SHS 500,500.0,2884.54,9.2,1000.0,2004-12-31 00:00:00,2014-11-28,0,1,<p><p>中证沪港深指数系列包括中证沪港深500指数、中证沪港深互联互通中小综合指数以及中证沪深港互联互通综合指数，该指数系列选取沪港深交易所上市的互联互通范围内股票作为指数样本股，以全面反映沪港深三地上市企业股票的整体表现。</p></p>,"<p><p>CSI SH-HK-SZ Index Series contain three indices: CSI SH-HK-SZ 500 Index, CSI SH-HK-SZ Connect Mid&amp;Small Composite Index and CSI SH-HK-SZ Connect Composite Index. These indices choose the eligible securities listed on SSE, SZSE and HKEX under Shanghai-Hong Kong Stock Connect and Shenzhen-Hong Kong Stock Connect as the index constituents, weighted by free float market cap. These indices are designed to reflect the market performance of eligible securities under Shanghai-Hong Kong Stock Connect and Shenzhen-Hong Kong Stock Connect.</p></p>",中证沪港深500指数,CSI SH-HK-SZ 500 INDEX,中证系列指数,CSI Indices,跨境,Cross Border,股票,Equity,规模,Size,人民币,CNY,沪港深,Hong Kong Connect
H30456,沪港深中小,SHSC M&S Comp.,1458.0,4002.55,4.17,1000.0,2004-12-31 00:00:00,2014-11-28,0,1,<p><p>中证沪港深指数系列包括中证沪港深500指数、中证沪港深互联互通中小综合指数以及中证沪深港互联互通综合指数，该指数系列选取沪港深交易所上市的互联互通范围内股票作为指数样本股，以全面反映沪港深三地上市企业股票的整体表现。</p></p>,"<p><p>CSI SH-HK-SZ Index Series contain three indices: CSI SH-HK-SZ 500 Index, CSI SH-HK-SZ Connect Mid&amp;Small Composite Index and CSI SH-HK-SZ Connect Composite Index. These indices choose the eligible securities listed on SSE, SZSE and HKEX under Shanghai-Hong Kong Stock Connect and Shenzhen-Hong Kong Stock Connect as the index constituents, weighted by free float market cap. These indices are designed to reflect the market performance of eligible securities under Shanghai-Hong Kong Stock Connect and Shenzhen-Hong Kong Stock Connect.</p></p>",中证沪港深互联通小综合指数,CSI SH-HK-SZ Connect Mid&Small Composite Index,中证系列指数,CSI Indices,跨境,Cross Border,股票,Equity,规模,Size,人民币,CNY,沪港深,Hong Kong Connect
H30457,沪港深通综合,SHSC Comp.,1958.0,2645.13,8.03,1000.0,2004-12-31 00:00:00,2014-11-28,0,1,<p><p>中证沪港深指数系列包括中证沪港深500指数、中证沪港深互联互通中小综合指数以及中证沪深港互联互通综合指数，该指数系列选取沪港深交易所上市的互联互通范围内股票作为指数样本股，以全面反映沪港深三地上市企业股票的整体表现。</p></p>,"<p><p>CSI SH-HK-SZ Index Series contain three indices: CSI SH-HK-SZ 500 Index, CSI SH-HK-SZ Connect Mid&amp;Small Composite Index and CSI SH-HK-SZ Connect Composite Index. These indices choose the eligible securities listed on SSE, SZSE and HKEX under Shanghai-Hong Kong Stock Connect and Shenzhen-Hong Kong Stock Connect as the index constituents, weighted by free float market cap. These indices are designed to reflect the market performance of eligible securities under Shanghai-Hong Kong Stock Connect and Shenzhen-Hong Kong Stock Connect.</p></p>",中证沪深港互联互通综合指数,CSI SH-HK-SZ Connect Composite Index,中证系列指数,CSI Indices,跨境,Cross Border,股票,Equity,规模,Size,人民币,CNY,沪港深,Hong Kong Connect
H30458,沪港深500能源,SHS 500 Energy,12.0,1117.32,0.31,1000.0,2004-12-31 00:00:00,2014-11-28,0,1,<p><p>中证沪港深行业指数系列将中证沪港深500、中证沪港深互联互通中小综合以及中证沪港深互联互通综合指数样本股按行业分类标准分别分为10个行业，再以各行业全部股票作为样本编制指数，以反映中证沪港深指数系列中不同行业公司股票的整体表现。</p></p>,"<p><p>CSI SH-HK-SZ Sector Index Series are composed of 10 sector indices that select from CSI SH-HK-SZ 500 Index constituents, 10 sector indices that select from CSI SH-HK-SZ Connect Mid&amp;Small Composite Index constituents and 10 sector indices that select from CSI SH-HK-SZ Connect Composite Index constituents to reflect performance of different sectors of CSI SH-HK-SZ Index series.</p></p>",中证沪港深500能源指数,CSI SH-HK-SZ 500  Energy Index,中证系列指数,CSI Indices,跨境,Cross Border,股票,Equity,行业,Sector,人民币,CNY,沪港深,Hong Kong Connect
H30459,沪港深500材料,SHS 500 Materials,35.0,2739.7,20.37,1000.0,2004-12-31 00:00:00,2014-11-28,0,1,<p><p>中证沪港深行业指数系列将中证沪港深500、中证沪港深互联互通中小综合以及中证沪港深互联互通综合指数样本股按行业分类标准分别分为10个行业，再以各行业全部股票作为样本编制指数，以反映中证沪港深指数系列中不同行业公司股票的整体表现。</p></p>,"<p><p>CSI SH-HK-SZ Sector Index Series are composed of 10 sector indices that select from CSI SH-HK-SZ 500 Index constituents, 10 sector indices that select from CSI SH-HK-SZ Connect Mid&amp;Small Composite Index constituents and 10 sector indices that select from CSI SH-HK-SZ Connect Composite Index constituents to reflect performance of different sectors of CSI SH-HK-SZ Index series.</p></p>",中证沪港深500原材料指数,CSI SH-HK-SZ 500  Materials Index,中证系列指数,CSI Indices,跨境,Cross Border,股票,Equity,行业,Sector,人民币,CNY,沪港深,Hong Kong Connect
H30460,沪港深500工业,SHS 500 Industrials,72.0,2189.58,19.21,1000.0,2004-12-31 00:00:00,2014-11-28,0,1,<p><p>中证沪港深行业指数系列将中证沪港深500、中证沪港深互联互通中小综合以及中证沪港深互联互通综合指数样本股按行业分类标准分别分为10个行业，再以各行业全部股票作为样本编制指数，以反映中证沪港深指数系列中不同行业公司股票的整体表现。</p></p>,"<p><p>CSI SH-HK-SZ Sector Index Series are composed of 10 sector indices that select from CSI SH-HK-SZ 500 Index constituents, 10 sector indices that select from CSI SH-HK-SZ Connect Mid&amp;Small Composite Index constituents and 10 sector indices that select from CSI SH-HK-SZ Connect Composite Index constituents to reflect performance of different sectors of CSI SH-HK-SZ Index series.</p></p>",中证沪港深500工业指数,CSI SH-HK-SZ 500  Industrials Index,中证系列指数,CSI Indices,跨境,Cross Border,股票,Equity,行业,Sector,人民币,CNY,沪港深,Hong Kong Connect
H30461,沪港深500可选,SHS 500 Consumer Dis.,51.0,5389.17,15.36,1000.0,2004-12-31 00:00:00,2014-11-28,0,1,<p><p>中证沪港深行业指数系列将中证沪港深500、中证沪港深互联互通中小综合以及中证沪港深互联互通综合指数样本股按行业分类标准分别分为10个行业，再以各行业全部股票作为样本编制指数，以反映中证沪港深指数系列中不同行业公司股票的整体表现。</p></p>,"<p><p>CSI SH-HK-SZ Sector Index Series are composed of 10 sector indices that select from CSI SH-HK-SZ 500 Index constituents, 10 sector indices that select from CSI SH-HK-SZ Connect Mid&amp;Small Composite Index constituents and 10 sector indices that select from CSI SH-HK-SZ Connect Composite Index constituents to reflect performance of different sectors of CSI SH-HK-SZ Index series.</p></p>",中证沪港深500可选消费指数,CSI SH-HK-SZ 500  Consumer Discretionary  Index,中证系列指数,CSI Indices,跨境,Cross Border,股票,Equity,行业,Sector,人民币,CNY,沪港深,Hong Kong Connect
H30462,沪港深500消费,SHS 500 Consumer Stap.,40.0,18249.49,16.32,1000.0,2004-12-31 00:00:00,2014-11-28,0,1,<p><p>中证沪港深行业指数系列将中证沪港深500、中证沪港深互联互通中小综合以及中证沪港深互联互通综合指数样本股按行业分类标准分别分为10个行业，再以各行业全部股票作为样本编制指数，以反映中证沪港深指数系列中不同行业公司股票的整体表现。</p></p>,"<p><p>CSI SH-HK-SZ Sector Index Series are composed of 10 sector indices that select from CSI SH-HK-SZ 500 Index constituents, 10 sector indices that select from CSI SH-HK-SZ Connect Mid&amp;Small Composite Index constituents and 10 sector indices that select from CSI SH-HK-SZ Connect Composite Index constituents to reflect performance of different sectors of CSI SH-HK-SZ Index series.</p></p>",中证沪港深500主要消费指数,CSI SH-HK-SZ 500  Consumer Staples Index,中证系列指数,CSI Indices,跨境,Cross Border,股票,Equity,行业,Sector,人民币,CNY,沪港深,Hong Kong Connect
H30463,沪港深500医药,SHS 500 Health Care,57.0,15265.21,15.22,1000.0,2004-12-31 00:00:00,2014-11-28,0,1,<p><p>中证沪港深行业指数系列将中证沪港深500、中证沪港深互联互通中小综合以及中证沪港深互联互通综合指数样本股按行业分类标准分别分为10个行业，再以各行业全部股票作为样本编制指数，以反映中证沪港深指数系列中不同行业公司股票的整体表现。</p></p>,"<p><p>CSI SH-HK-SZ Sector Index Series are composed of 10 sector indices that select from CSI SH-HK-SZ 500 Index constituents, 10 sector indices that select from CSI SH-HK-SZ Connect Mid&amp;Small Composite Index constituents and 10 sector indices that select from CSI SH-HK-SZ Connect Composite Index constituents to reflect performance of different sectors of CSI SH-HK-SZ Index series.</p></p>",中证沪港深500医药卫生指数,CSI SH-HK-SZ 500  Health Care Index,中证系列指数,CSI Indices,跨境,Cross Border,股票,Equity,行业,Sector,人民币,CNY,沪港深,Hong Kong Connect
H30464,沪港深500金融,SHS 500 Financials,134.0,2027.14,3.26,1000.0,2004-12-31 00:00:00,2014-11-28,0,1,<p><p>中证沪港深行业指数系列将中证沪港深500、中证沪港深互联互通中小综合以及中证沪港深互联互通综合指数样本股按行业分类标准分别分为10个行业，再以各行业全部股票作为样本编制指数，以反映中证沪港深指数系列中不同行业公司股票的整体表现。</p></p>,"<p><p>CSI SH-HK-SZ Sector Index Series are composed of 10 sector indices that select from CSI SH-HK-SZ 500 Index constituents, 10 sector indices that select from CSI SH-HK-SZ Connect Mid&amp;Small Composite Index constituents and 10 sector indices that select from CSI SH-HK-SZ Connect Composite Index constituents to reflect performance of different sectors of CSI SH-HK-SZ Index series.</p></p>",中证沪港深500金融地产指数,CSI SH-HK-SZ 500  Financials Index,中证系列指数,CSI Indices,跨境,Cross Border,股票,Equity,行业,Sector,人民币,CNY,沪港深,Hong Kong Connect
H30465,沪港深500信息,SHS 500 IT,63.0,5752.18,11.53,1000.0,2004-12-31 00:00:00,2014-11-28,0,1,<p><p>中证沪港深行业指数系列将中证沪港深500、中证沪港深互联互通中小综合以及中证沪港深互联互通综合指数样本股按行业分类标准分别分为10个行业，再以各行业全部股票作为样本编制指数，以反映中证沪港深指数系列中不同行业公司股票的整体表现。</p></p>,"<p><p>CSI SH-HK-SZ Sector Index Series are composed of 10 sector indices that select from CSI SH-HK-SZ 500 Index constituents, 10 sector indices that select from CSI SH-HK-SZ Connect Mid&amp;Small Composite Index constituents and 10 sector indices that select from CSI SH-HK-SZ Connect Composite Index constituents to reflect performance of different sectors of CSI SH-HK-SZ Index series.</p></p>",中证沪港深500信息技术指数,CSI SH-HK-SZ 500  Information Technology  Index,中证系列指数,CSI Indices,跨境,Cross Border,股票,Equity,行业,Sector,人民币,CNY,沪港深,Hong Kong Connect
H30466,沪港深500电信,SHS 500 Tele. Services,17.0,1703.64,2.86,1000.0,2004-12-31 00:00:00,2014-11-28,0,1,<p><p>中证沪港深行业指数系列将中证沪港深500、中证沪港深互联互通中小综合以及中证沪港深互联互通综合指数样本股按行业分类标准分别分为10个行业，再以各行业全部股票作为样本编制指数，以反映中证沪港深指数系列中不同行业公司股票的整体表现。</p></p>,"<p><p>CSI SH-HK-SZ Sector Index Series are composed of 10 sector indices that select from CSI SH-HK-SZ 500 Index constituents, 10 sector indices that select from CSI SH-HK-SZ Connect Mid&amp;Small Composite Index constituents and 10 sector indices that select from CSI SH-HK-SZ Connect Composite Index constituents to reflect performance of different sectors of CSI SH-HK-SZ Index series.</p></p>",中证沪港深500电信业务指数,CSI SH-HK-SZ 500  Telecommunication Services Index,中证系列指数,CSI Indices,跨境,Cross Border,股票,Equity,行业,Sector,人民币,CNY,沪港深,Hong Kong Connect
H30467,沪港深500公用,SHS 500 Utilities,19.0,1797.66,2.37,1000.0,2004-12-31 00:00:00,2014-11-28,0,1,<p><p>中证沪港深行业指数系列将中证沪港深500、中证沪港深互联互通中小综合以及中证沪港深互联互通综合指数样本股按行业分类标准分别分为10个行业，再以各行业全部股票作为样本编制指数，以反映中证沪港深指数系列中不同行业公司股票的整体表现。</p></p>,"<p><p>CSI SH-HK-SZ Sector Index Series are composed of 10 sector indices that select from CSI SH-HK-SZ 500 Index constituents, 10 sector indices that select from CSI SH-HK-SZ Connect Mid&amp;Small Composite Index constituents and 10 sector indices that select from CSI SH-HK-SZ Connect Composite Index constituents to reflect performance of different sectors of CSI SH-HK-SZ Index series.</p></p>",中证沪港深500公用事业指数,CSI SH-HK-SZ 500  Utilities Index,中证系列指数,CSI Indices,跨境,Cross Border,股票,Equity,行业,Sector,人民币,CNY,沪港深,Hong Kong Connect
H30468,沪港深通中小能源综合,SHSC M&S Energy  Comp.,34.0,1530.3,0.01,1000.0,2004-12-31 00:00:00,2014-11-28,0,1,<p><p>中证沪港深行业指数系列将中证沪港深500、中证沪港深互联互通中小综合以及中证沪港深互联互通综合指数样本股按行业分类标准分别分为10个行业，再以各行业全部股票作为样本编制指数，以反映中证沪港深指数系列中不同行业公司股票的整体表现。</p></p>,"<p><p>CSI SH-HK-SZ Sector Index Series are composed of 10 sector indices that select from CSI SH-HK-SZ 500 Index constituents, 10 sector indices that select from CSI SH-HK-SZ Connect Mid&amp;Small Composite Index constituents and 10 sector indices that select from CSI SH-HK-SZ Connect Composite Index constituents to reflect performance of different sectors of CSI SH-HK-SZ Index series.</p></p>",中证沪港深互联互通中小综合能源指数,CSI SH-HK-SZ Connect Mid&Small Energy Composite Index,中证系列指数,CSI Indices,跨境,Cross Border,股票,Equity,行业,Sector,人民币,CNY,沪港深,Hong Kong Connect
H30469,沪港深通中小材料综合,SHSC M&S Materials  Comp.,193.0,4381.88,5.53,1000.0,2004-12-31 00:00:00,2014-11-28,0,1,<p><p>中证沪港深行业指数系列将中证沪港深500、中证沪港深互联互通中小综合以及中证沪港深互联互通综合指数样本股按行业分类标准分别分为10个行业，再以各行业全部股票作为样本编制指数，以反映中证沪港深指数系列中不同行业公司股票的整体表现。</p></p>,"<p><p>CSI SH-HK-SZ Sector Index Series are composed of 10 sector indices that select from CSI SH-HK-SZ 500 Index constituents, 10 sector indices that select from CSI SH-HK-SZ Connect Mid&amp;Small Composite Index constituents and 10 sector indices that select from CSI SH-HK-SZ Connect Composite Index constituents to reflect performance of different sectors of CSI SH-HK-SZ Index series.</p></p>",中证沪港深互联互通中小综合原材料指数,CSI SH-HK-SZ Connect Mid&Small Materials Composite Index,中证系列指数,CSI Indices,跨境,Cross Border,股票,Equity,行业,Sector,人民币,CNY,沪港深,Hong Kong Connect
H30470,沪港深通中小工业综合,SHSC M&S Industrials  Comp.,311.0,3177.75,8.3,1000.0,2004-12-31 00:00:00,2014-11-28,0,1,<p><p>中证沪港深行业指数系列将中证沪港深500、中证沪港深互联互通中小综合以及中证沪港深互联互通综合指数样本股按行业分类标准分别分为10个行业，再以各行业全部股票作为样本编制指数，以反映中证沪港深指数系列中不同行业公司股票的整体表现。</p></p>,"<p><p>CSI SH-HK-SZ Sector Index Series are composed of 10 sector indices that select from CSI SH-HK-SZ 500 Index constituents, 10 sector indices that select from CSI SH-HK-SZ Connect Mid&amp;Small Composite Index constituents and 10 sector indices that select from CSI SH-HK-SZ Connect Composite Index constituents to reflect performance of different sectors of CSI SH-HK-SZ Index series.</p></p>",中证沪港深互联互通中小综合工业指数,CSI SH-HK-SZ Connect Mid&Small Industrials Composite Index,中证系列指数,CSI Indices,跨境,Cross Border,股票,Equity,行业,Sector,人民币,CNY,沪港深,Hong Kong Connect
H30471,沪港深通中小可选综合,SHSC M&S Consumer Dis.  Comp.,195.0,3147.03,5.48,1000.0,2004-12-31 00:00:00,2014-11-28,0,1,<p><p>中证沪港深行业指数系列将中证沪港深500、中证沪港深互联互通中小综合以及中证沪港深互联互通综合指数样本股按行业分类标准分别分为10个行业，再以各行业全部股票作为样本编制指数，以反映中证沪港深指数系列中不同行业公司股票的整体表现。</p></p>,"<p><p>CSI SH-HK-SZ Sector Index Series are composed of 10 sector indices that select from CSI SH-HK-SZ 500 Index constituents, 10 sector indices that select from CSI SH-HK-SZ Connect Mid&amp;Small Composite Index constituents and 10 sector indices that select from CSI SH-HK-SZ Connect Composite Index constituents to reflect performance of different sectors of CSI SH-HK-SZ Index series.</p></p>",中证沪港深互联互通中小综合可选消费指数,CSI SH-HK-SZ Connect Mid&Small Consumer Discretionary Composite Index,中证系列指数,CSI Indices,跨境,Cross Border,股票,Equity,行业,Sector,人民币,CNY,沪港深,Hong Kong Connect
H30472,沪港深通中小消费综合,SHSC M&S Consumer Stap.  Comp.,85.0,8640.1,8.29,1000.0,2004-12-31 00:00:00,2014-11-28,0,1,<p><p>中证沪港深行业指数系列将中证沪港深500、中证沪港深互联互通中小综合以及中证沪港深互联互通综合指数样本股按行业分类标准分别分为10个行业，再以各行业全部股票作为样本编制指数，以反映中证沪港深指数系列中不同行业公司股票的整体表现。</p></p>,"<p><p>CSI SH-HK-SZ Sector Index Series are composed of 10 sector indices that select from CSI SH-HK-SZ 500 Index constituents, 10 sector indices that select from CSI SH-HK-SZ Connect Mid&amp;Small Composite Index constituents and 10 sector indices that select from CSI SH-HK-SZ Connect Composite Index constituents to reflect performance of different sectors of CSI SH-HK-SZ Index series.</p></p>",中证沪港深互联互通中小综合主要消费指数,CSI SH-HK-SZ Connect Mid&Small Consumer Staples Composite Index,中证系列指数,CSI Indices,跨境,Cross Border,股票,Equity,行业,Sector,人民币,CNY,沪港深,Hong Kong Connect
H30473,沪港深通中小医药综合,SHSC M&S Health Care  Comp.,150.0,9144.04,2.62,1000.0,2004-12-31 00:00:00,2014-11-28,0,1,<p><p>中证沪港深行业指数系列将中证沪港深500、中证沪港深互联互通中小综合以及中证沪港深互联互通综合指数样本股按行业分类标准分别分为10个行业，再以各行业全部股票作为样本编制指数，以反映中证沪港深指数系列中不同行业公司股票的整体表现。</p></p>,"<p><p>CSI SH-HK-SZ Sector Index Series are composed of 10 sector indices that select from CSI SH-HK-SZ 500 Index constituents, 10 sector indices that select from CSI SH-HK-SZ Connect Mid&amp;Small Composite Index constituents and 10 sector indices that select from CSI SH-HK-SZ Connect Composite Index constituents to reflect performance of different sectors of CSI SH-HK-SZ Index series.</p></p>",中证沪港深互联互通中小综合医药卫生指数,CSI SH-HK-SZ Connect Mid&Small Health Care Composite Index,中证系列指数,CSI Indices,跨境,Cross Border,股票,Equity,行业,Sector,人民币,CNY,沪港深,Hong Kong Connect
H30474,沪港深通中小金融综合,SHSC M&S Financials  Comp.,170.0,2255.14,-0.07,1000.0,2004-12-31 00:00:00,2014-11-28,0,1,<p><p>中证沪港深行业指数系列将中证沪港深500、中证沪港深互联互通中小综合以及中证沪港深互联互通综合指数样本股按行业分类标准分别分为10个行业，再以各行业全部股票作为样本编制指数，以反映中证沪港深指数系列中不同行业公司股票的整体表现。</p></p>,"<p><p>CSI SH-HK-SZ Sector Index Series are composed of 10 sector indices that select from CSI SH-HK-SZ 500 Index constituents, 10 sector indices that select from CSI SH-HK-SZ Connect Mid&amp;Small Composite Index constituents and 10 sector indices that select from CSI SH-HK-SZ Connect Composite Index constituents to reflect performance of different sectors of CSI SH-HK-SZ Index series.</p></p>",中证沪港深互联互通中小综合金融地产指数,CSI SH-HK-SZ Connect Mid&Small Financials Composite Index,中证系列指数,CSI Indices,跨境,Cross Border,股票,Equity,行业,Sector,人民币,CNY,沪港深,Hong Kong Connect
H30475,沪港深通中小信息综合,SHSC M&S IT  Comp.,222.0,3977.45,-0.55,1000.0,2004-12-31 00:00:00,2014-11-28,0,1,<p><p>中证沪港深行业指数系列将中证沪港深500、中证沪港深互联互通中小综合以及中证沪港深互联互通综合指数样本股按行业分类标准分别分为10个行业，再以各行业全部股票作为样本编制指数，以反映中证沪港深指数系列中不同行业公司股票的整体表现。</p></p>,<p><p>CSI SH-SZ-HK 700 Information Technology Index consists of all the constituents of CSI SH-SZ-HK 700 Index that are in the information technology sector. It aims to reflect the overall performance of the sector.</p></p>,中证沪港深互联互通中小综合信息技术指数,CSI SH-HK-SZ Connect Mid&Small Information Technology Composite Index,中证系列指数,CSI Indices,跨境,Cross Border,股票,Equity,行业,Sector,人民币,CNY,沪港深,Hong Kong Connect
H30476,沪港深通中小电信综合,SHSC M&S Tele. Services  Comp.,47.0,2437.37,-2.4,1000.0,2004-12-31 00:00:00,2014-11-28,0,1,<p><p>中证沪港深行业指数系列将中证沪港深500、中证沪港深互联互通中小综合以及中证沪港深互联互通综合指数样本股按行业分类标准分别分为10个行业，再以各行业全部股票作为样本编制指数，以反映中证沪港深指数系列中不同行业公司股票的整体表现。</p></p>,"<p><p>CSI SH-HK-SZ Sector Index Series are composed of 10 sector indices that select from CSI SH-HK-SZ 500 Index constituents, 10 sector indices that select from CSI SH-HK-SZ Connect Mid&amp;Small Composite Index constituents and 10 sector indices that select from CSI SH-HK-SZ Connect Composite Index constituents to reflect performance of different sectors of CSI SH-HK-SZ Index series.</p></p>",中证沪港深互联互通中小综合电信业务指数,CSI SH-HK-SZ Connect Mid&Small Telecommunication Services Composite Index,中证系列指数,CSI Indices,跨境,Cross Border,股票,Equity,行业,Sector,人民币,CNY,沪港深,Hong Kong Connect
H30477,沪港深通中小公用综合,SHSC M&S Utilities  Comp.,51.0,3303.7,8.95,1000.0,2004-12-31 00:00:00,2014-11-28,0,1,<p><p>中证沪港深行业指数系列将中证沪港深500、中证沪港深互联互通中小综合以及中证沪港深互联互通综合指数样本股按行业分类标准分别分为10个行业，再以各行业全部股票作为样本编制指数，以反映中证沪港深指数系列中不同行业公司股票的整体表现。</p></p>,"<p><p>CSI SH-HK-SZ Sector Index Series are composed of 10 sector indices that select from CSI SH-HK-SZ 500 Index constituents, 10 sector indices that select from CSI SH-HK-SZ Connect Mid&amp;Small Composite Index constituents and 10 sector indices that select from CSI SH-HK-SZ Connect Composite Index constituents to reflect performance of different sectors of CSI SH-HK-SZ Index series.</p></p>",中证沪港深互联互通中小综合公用事业指数,CSI SH-HK-SZ Connect Mid&Small Utilities Composite Index,中证系列指数,CSI Indices,跨境,Cross Border,股票,Equity,行业,Sector,人民币,CNY,沪港深,Hong Kong Connect
H30478,沪港深通能源综合,SHSC Energy  Comp.,46.0,1083.24,0.37,1000.0,2004-12-31 00:00:00,2014-11-28,0,1,<p><p>中证沪港深行业指数系列将中证沪港深500、中证沪港深互联互通中小综合以及中证沪港深互联互通综合指数样本股按行业分类标准分别分为10个行业，再以各行业全部股票作为样本编制指数，以反映中证沪港深指数系列中不同行业公司股票的整体表现。</p></p>,"<p><p>CSI SH-HK-SZ Sector Index Series are composed of 10 sector indices that select from CSI SH-HK-SZ 500 Index constituents, 10 sector indices that select from CSI SH-HK-SZ Connect Mid&amp;Small Composite Index constituents and 10 sector indices that select from CSI SH-HK-SZ Connect Composite Index constituents to reflect performance of different sectors of CSI SH-HK-SZ Index series.</p></p>",中证沪港深互联互通综合能源指数,CSI SH-HK-SZ Connect Energy Composite Index,中证系列指数,CSI Indices,跨境,Cross Border,股票,Equity,行业,Sector,人民币,CNY,沪港深,Hong Kong Connect
H30479,沪港深通材料综合,SHSC Materials  Comp.,228.0,3178.24,12.53,1000.0,2004-12-31 00:00:00,2014-11-28,0,1,<p><p>中证沪港深行业指数系列将中证沪港深500、中证沪港深互联互通中小综合以及中证沪港深互联互通综合指数样本股按行业分类标准分别分为10个行业，再以各行业全部股票作为样本编制指数，以反映中证沪港深指数系列中不同行业公司股票的整体表现。</p></p>,"<p><p>CSI SH-HK-SZ Sector Index Series are composed of 10 sector indices that select from CSI SH-HK-SZ 500 Index constituents, 10 sector indices that select from CSI SH-HK-SZ Connect Mid&amp;Small Composite Index constituents and 10 sector indices that select from CSI SH-HK-SZ Connect Composite Index constituents to reflect performance of different sectors of CSI SH-HK-SZ Index series.</p></p>",中证沪港深互联互通综合原材料指数,CSI SH-HK-SZ Connect Materials Composite Index,中证系列指数,CSI Indices,跨境,Cross Border,股票,Equity,行业,Sector,人民币,CNY,沪港深,Hong Kong Connect
H30480,沪港深通工业综合,SHSC Industrials  Comp.,383.0,2297.61,14.51,1000.0,2004-12-31 00:00:00,2014-11-28,0,1,<p><p>中证沪港深行业指数系列将中证沪港深500、中证沪港深互联互通中小综合以及中证沪港深互联互通综合指数样本股按行业分类标准分别分为10个行业，再以各行业全部股票作为样本编制指数，以反映中证沪港深指数系列中不同行业公司股票的整体表现。</p></p>,"<p><p>CSI SH-HK-SZ Sector Index Series are composed of 10 sector indices that select from CSI SH-HK-SZ 500 Index constituents, 10 sector indices that select from CSI SH-HK-SZ Connect Mid&amp;Small Composite Index constituents and 10 sector indices that select from CSI SH-HK-SZ Connect Composite Index constituents to reflect performance of different sectors of CSI SH-HK-SZ Index series.</p></p>",中证沪港深互联互通综合工业指数,CSI SH-HK-SZ Connect Industrials Composite Index,中证系列指数,CSI Indices,跨境,Cross Border,股票,Equity,行业,Sector,人民币,CNY,沪港深,Hong Kong Connect
H30481,沪港深通可选综合,SHSC Consumer Dis.  Comp.,246.0,4404.1,12.57,1000.0,2004-12-31 00:00:00,2014-11-28,0,1,<p><p>中证沪港深行业指数系列将中证沪港深500、中证沪港深互联互通中小综合以及中证沪港深互联互通综合指数样本股按行业分类标准分别分为10个行业，再以各行业全部股票作为样本编制指数，以反映中证沪港深指数系列中不同行业公司股票的整体表现。</p></p>,"<p><p>CSI SH-HK-SZ Sector Index Series are composed of 10 sector indices that select from CSI SH-HK-SZ 500 Index constituents, 10 sector indices that select from CSI SH-HK-SZ Connect Mid&amp;Small Composite Index constituents and 10 sector indices that select from CSI SH-HK-SZ Connect Composite Index constituents to reflect performance of different sectors of CSI SH-HK-SZ Index series.</p></p>",中证沪港深互联互通综合可选消费指数,CSI SH-HK-SZ Connect Consumer Discretionary Composite Index,中证系列指数,CSI Indices,跨境,Cross Border,股票,Equity,行业,Sector,人民币,CNY,沪港深,Hong Kong Connect
H30482,沪港深通消费综合,SHSC Consumer Stap.  Comp.,125.0,18599.02,14.98,1000.0,2004-12-31 00:00:00,2014-11-28,0,1,<p><p>中证沪港深行业指数系列将中证沪港深500、中证沪港深互联互通中小综合以及中证沪港深互联互通综合指数样本股按行业分类标准分别分为10个行业，再以各行业全部股票作为样本编制指数，以反映中证沪港深指数系列中不同行业公司股票的整体表现。</p></p>,"<p><p>CSI SH-HK-SZ Sector Index Series are composed of 10 sector indices that select from CSI SH-HK-SZ 500 Index constituents, 10 sector indices that select from CSI SH-HK-SZ Connect Mid&amp;Small Composite Index constituents and 10 sector indices that select from CSI SH-HK-SZ Connect Composite Index constituents to reflect performance of different sectors of CSI SH-HK-SZ Index series.</p></p>",中证沪港深互联互通综合主要消费指数,CSI SH-HK-SZ Connect Consumer Staples Composite Index,中证系列指数,CSI Indices,跨境,Cross Border,股票,Equity,行业,Sector,人民币,CNY,沪港深,Hong Kong Connect
H30483,沪港深通医药综合,SHSC Health Care  Comp.,207.0,12587.91,11.36,1000.0,2004-12-31 00:00:00,2014-11-28,0,1,<p><p>中证沪港深行业指数系列将中证沪港深500、中证沪港深互联互通中小综合以及中证沪港深互联互通综合指数样本股按行业分类标准分别分为10个行业，再以各行业全部股票作为样本编制指数，以反映中证沪港深指数系列中不同行业公司股票的整体表现。</p></p>,"<p><p>CSI SH-HK-SZ Sector Index Series are composed of 10 sector indices that select from CSI SH-HK-SZ 500 Index constituents, 10 sector indices that select from CSI SH-HK-SZ Connect Mid&amp;Small Composite Index constituents and 10 sector indices that select from CSI SH-HK-SZ Connect Composite Index constituents to reflect performance of different sectors of CSI SH-HK-SZ Index series.</p></p>",中证沪港深互联互通综合医药卫生指数,CSI SH-HK-SZ Connect Health Care Composite Index,中证系列指数,CSI Indices,跨境,Cross Border,股票,Equity,行业,Sector,人民币,CNY,沪港深,Hong Kong Connect
H30484,沪港深通金融综合,SHSC Financials  Comp.,304.0,1483.42,2.94,1000.0,2004-12-31 00:00:00,2014-11-28,0,1,<p><p>中证沪港深行业指数系列将中证沪港深500、中证沪港深互联互通中小综合以及中证沪港深互联互通综合指数样本股按行业分类标准分别分为10个行业，再以各行业全部股票作为样本编制指数，以反映中证沪港深指数系列中不同行业公司股票的整体表现。</p></p>,"<p><p>CSI SH-HK-SZ Sector Index Series are composed of 10 sector indices that select from CSI SH-HK-SZ 500 Index constituents, 10 sector indices that select from CSI SH-HK-SZ Connect Mid&amp;Small Composite Index constituents and 10 sector indices that select from CSI SH-HK-SZ Connect Composite Index constituents to reflect performance of different sectors of CSI SH-HK-SZ Index series.</p></p>",中证沪港深互联互通综合金融地产指数,CSI SH-HK-SZ Connect Financials Composite Index,中证系列指数,CSI Indices,跨境,Cross Border,股票,Equity,行业,Sector,人民币,CNY,沪港深,Hong Kong Connect
H30485,沪港深通信息综合,SHSC IT  Comp.,285.0,9105.64,7.04,1000.0,2004-12-31 00:00:00,2014-11-28,0,1,<p><p>中证沪港深行业指数系列将中证沪港深500、中证沪港深互联互通中小综合以及中证沪港深互联互通综合指数样本股按行业分类标准分别分为10个行业，再以各行业全部股票作为样本编制指数，以反映中证沪港深指数系列中不同行业公司股票的整体表现。</p></p>,"<p><p>CSI SH-HK-SZ Sector Index Series are composed of 10 sector indices that select from CSI SH-HK-SZ 500 Index constituents, 10 sector indices that select from CSI SH-HK-SZ Connect Mid&amp;Small Composite Index constituents and 10 sector indices that select from CSI SH-HK-SZ Connect Composite Index constituents to reflect performance of different sectors of CSI SH-HK-SZ Index series.</p></p>",中证沪港深互联互通综合信息技术指数,CSI SH-HK-SZ Connect Information Technology Composite Index,中证系列指数,CSI Indices,跨境,Cross Border,股票,Equity,行业,Sector,人民币,CNY,沪港深,Hong Kong Connect
H30486,沪港深通电信综合,SHSC Tele. Services  Comp.,64.0,1724.73,1.25,1000.0,2004-12-31 00:00:00,2014-11-28,0,1,<p><p>中证沪港深行业指数系列将中证沪港深500、中证沪港深互联互通中小综合以及中证沪港深互联互通综合指数样本股按行业分类标准分别分为10个行业，再以各行业全部股票作为样本编制指数，以反映中证沪港深指数系列中不同行业公司股票的整体表现。</p></p>,"<p><p>CSI SH-HK-SZ Sector Index Series are composed of 10 sector indices that select from CSI SH-HK-SZ 500 Index constituents, 10 sector indices that select from CSI SH-HK-SZ Connect Mid&amp;Small Composite Index constituents and 10 sector indices that select from CSI SH-HK-SZ Connect Composite Index constituents to reflect performance of different sectors of CSI SH-HK-SZ Index series.</p></p>",中证沪港深互联互通综合电信业务指数,CSI SH-HK-SZ Connect Telecommunication Services Composite Index,中证系列指数,CSI Indices,跨境,Cross Border,股票,Equity,行业,Sector,人民币,CNY,沪港深,Hong Kong Connect
H30487,沪港深通公用综合,SHSC Utilities  Comp.,70.0,1727.63,4.3,1000.0,2004-12-31 00:00:00,2014-11-28,0,1,<p><p>中证沪港深行业指数系列将中证沪港深500、中证沪港深互联互通中小综合以及中证沪港深互联互通综合指数样本股按行业分类标准分别分为10个行业，再以各行业全部股票作为样本编制指数，以反映中证沪港深指数系列中不同行业公司股票的整体表现。</p></p>,"<p><p>CSI SH-HK-SZ Sector Index Series are composed of 10 sector indices that select from CSI SH-HK-SZ 500 Index constituents, 10 sector indices that select from CSI SH-HK-SZ Connect Mid&amp;Small Composite Index constituents and 10 sector indices that select from CSI SH-HK-SZ Connect Composite Index constituents to reflect performance of different sectors of CSI SH-HK-SZ Index series.</p></p>",中证沪港深互联互通综合公用事业指数,CSI SH-HK-SZ Connect Utilities Composite Index,中证系列指数,CSI Indices,跨境,Cross Border,股票,Equity,行业,Sector,人民币,CNY,沪港深,Hong Kong Connect
CES100,中华港股通精选100,CES SCHK100,100.0,6832.47,8.42,2000.0,2008-12-31 00:00:00,2014-12-15,0,1,"中华交易服务（沪深港）互联互通指数系列由中华证券交易服务有限公司 ( 中华交易服务 ) 委托中证指数有限公司 ( 中证指数 ) 进行编制，指数编制方案由中证指数以及中华交易服务共同确定。中华交易服务（沪深港）互联互通指数系列为股票价格指数，包括中华交易服务沪深港 300 指数 ( 中华沪深港 300), 旨在反映沪深港三地股票之整体表现 , 以及中华交易服务港股通精选 100 指数 ( 中华港股通精选 100), 旨在反映港股通内香港独有股票之整体表现。","China Exchanges Services Company Ltd. (CESC) has appointed China Securities Index Co., Ltd. (CSIC) for index calculation, maintenance and dissemination. The index methodology is developed by mutual agreement between CESC and CSIC. CES Shanghai-Hong Kong Stock Connect Index Series is a series of price return indices, including CES Stock Connect 300 Index (CES 300) which measures the overall performance of eligible stocks for the Shanghai-Hong Kong Stock Connect and Shenzhen A Shares, and CES Stock Connect Hong Kong Select 100 Index (CES SCHK100) which measures the overall performance of “scarce” securities under the Southbound Trading.",中华交易服务港股通精选100指数,CES Stock Connect Hong Kong Select 100 Index,中华交易系列指数,CESC Indices,境外,Overseas(including HK),股票,Equity,规模,Size,港元,HKD,,
CES300,中华沪深港300,CES 300,300.0,5869.34,9.28,2000.0,2008-12-31 00:00:00,2014-12-15,0,1,"中华交易服务（沪深港）互联互通指数系列由中华证券交易服务有限公司 ( 中华交易服务 ) 委托中证指数有限公司 ( 中证指数 ) 进行编制，指数编制方案由中证指数以及中华交易服务共同确定。中华交易服务（沪深港）互联互通指数系列为股票价格指数，包括中华交易服务沪深港 300 指数 ( 中华沪深港 300), 旨在反映沪深港三地股票之整体表现 , 以及中华交易服务港股通精选 100 指数 ( 中华港股通精选 100), 旨在反映港股通内香港独有股票之整体表现。","China Exchanges Services Company Ltd. (CESC) has appointed China Securities Index Co., Ltd. (CSIC) for index calculation, maintenance and dissemination. The index methodology is developed by mutual agreement between CESC and CSIC. CES Shanghai-Hong Kong Stock Connect Index Series is a series of price return indices, including CES Stock Connect 300 Index (CES 300) which measures the overall performance of eligible stocks for the Shanghai-Hong Kong Stock Connect and Shenzhen A Shares, and CES Stock Connect Hong Kong Select 100 Index (CES SCHK100) which measures the overall performance of “scarce” securities under the Southbound Trading.",中华交易服务沪深港300指数,CES Stock Connect 300 Index,中华交易系列指数,CESC Indices,跨境,Cross Border,股票,Equity,规模,Size,人民币,CNY,,
H50069,港股通,HK Equities,325.0,4113.04,6.93,3000.0,2014-11-14 00:00:00,2015-02-16,0,1,<p><p>上证港股通指数选取港股通范围内的普通股作为指数样本，以反映沪港通机制下港股通范围内股票的整体表现。</p></p>,<p><p>SSE HK Equities Index consists of the eligible common stocks listed on SEHK under Shanghai-Hong Kong Stock Connect. The Index is designed to reflect the market performance of eligible HK equity securities under Shanghai-Hong Kong Stock Connect.</p></p>,上证港股通指数,SSE HK Equities Index,上证系列指数,SSE Indices,境外,Overseas(including HK),股票,Equity,主题,Thematic,港元,HKD,沪港深,Hong Kong Connect
H30544,沪港深通上游,SHSC Upstream,109.0,1961.94,9.49,1000.0,2004-12-31 00:00:00,2015-03-13,0,1,<p><p>中证沪港深主题指数系列基于中证沪港深互联互通综合指数样本股和中证沪港深500指数样本股，同时结合中证行业分类的主题定义，选取相应主题指数样本，从多种主题投资的角度反映了在沪港深三地上市的互联互通范围内证券的整体表现。</p></p>,"<p><p>CSI SH-HK-SZ Thematic Index Series measure the performance of the eligible securities listed on SSE, SZSE and HKEX under Shanghai-Hong Kong Stock Connect and Shenzhen-Hong Kong Stock Connect as the index constituents via variant thematic investment. The constituents are chosen from CSI SH-HK-SZ 500 Index constituents and CSI SH-HK-SZ Connect Composite Index constituents, and the selection is based on CSI industry classification and thematic definition.</p></p>",中证沪港深互联互通上游指数,CSI SH-HK-SZ Connect  Upstream Industry Index,中证系列指数,CSI Indices,跨境,Cross Border,股票,Equity,主题,Thematic,人民币,CNY,沪港深,Hong Kong Connect
H30545,沪港深通中游,SHSC Midstream,695.0,3400.0,13.66,1000.0,2004-12-31 00:00:00,2015-03-13,0,1,<p><p>中证沪港深主题指数系列基于中证沪港深互联互通综合指数样本股和中证沪港深500指数样本股，同时结合中证行业分类的主题定义，选取相应主题指数样本，从多种主题投资的角度反映了在沪港深三地上市的互联互通范围内证券的整体表现。</p></p>,"<p><p>CSI SH-HK-SZ Thematic Index Series measure the performance of the eligible securities listed on SSE, SZSE and HKEX under Shanghai-Hong Kong Stock Connect and Shenzhen-Hong Kong Stock Connect as the index constituents via variant thematic investment. The constituents are chosen from CSI SH-HK-SZ 500 Index constituents and CSI SH-HK-SZ Connect Composite Index constituents, and the selection is based on CSI industry classification and thematic definition.</p></p>",中证沪港深互联互通中游指数,CSI SH-HK-SZ Connect  Midstream Industry Index,中证系列指数,CSI Indices,跨境,Cross Border,股票,Equity,主题,Thematic,人民币,CNY,沪港深,Hong Kong Connect
H30546,沪港深通下游,SHSC Downstream,771.0,5831.87,9.24,1000.0,2004-12-31 00:00:00,2015-03-13,0,1,<p><p>中证沪港深主题指数系列基于中证沪港深互联互通综合指数样本股和中证沪港深500指数样本股，同时结合中证行业分类的主题定义，选取相应主题指数样本，从多种主题投资的角度反映了在沪港深三地上市的互联互通范围内证券的整体表现。</p></p>,"<p><p>CSI SH-HK-SZ Thematic Index Series measure the performance of the eligible securities listed on SSE, SZSE and HKEX under Shanghai-Hong Kong Stock Connect and Shenzhen-Hong Kong Stock Connect as the index constituents via variant thematic investment. The constituents are chosen from CSI SH-HK-SZ 500 Index constituents and CSI SH-HK-SZ Connect Composite Index constituents, and the selection is based on CSI industry classification and thematic definition.</p></p>",中证沪港深互联互通下游指数,CSI SH-HK-SZ Connect  Downstream Industry Index,中证系列指数,CSI Indices,跨境,Cross Border,股票,Equity,主题,Thematic,人民币,CNY,沪港深,Hong Kong Connect
H30547,沪港深通周期,SHSC Cyclical,610.0,2045.66,4.48,1000.0,2004-12-31 00:00:00,2015-03-13,0,1,<p><p>中证沪港深主题指数系列基于中证沪港深互联互通综合指数样本股和中证沪港深500指数样本股，同时结合中证行业分类的主题定义，选取相应主题指数样本，从多种主题投资的角度反映了在沪港深三地上市的互联互通范围内证券的整体表现。</p></p>,"<p><p>CSI SH-HK-SZ Thematic Index Series measure the performance of the eligible securities listed on SSE, SZSE and HKEX under Shanghai-Hong Kong Stock Connect and Shenzhen-Hong Kong Stock Connect as the index constituents via variant thematic investment. The constituents are chosen from CSI SH-HK-SZ 500 Index constituents and CSI SH-HK-SZ Connect Composite Index constituents, and the selection is based on CSI industry classification and thematic definition.</p></p>",中证沪港深互联互通周期指数,CSI SH-HK-SZ Connect  Cyclical Industry Index,中证系列指数,CSI Indices,跨境,Cross Border,股票,Equity,主题,Thematic,人民币,CNY,沪港深,Hong Kong Connect
H30548,沪港深通非周期,SHSC non-Cyclical,1340.0,4492.58,10.23,1000.0,2004-12-31 00:00:00,2015-03-13,0,1,<p><p>中证沪港深主题指数系列基于中证沪港深互联互通综合指数样本股和中证沪港深500指数样本股，同时结合中证行业分类的主题定义，选取相应主题指数样本，从多种主题投资的角度反映了在沪港深三地上市的互联互通范围内证券的整体表现。</p></p>,"<p><p>CSI SH-HK-SZ Thematic Index Series measure the performance of the eligible securities listed on SSE, SZSE and HKEX under Shanghai-Hong Kong Stock Connect and Shenzhen-Hong Kong Stock Connect as the index constituents via variant thematic investment. The constituents are chosen from CSI SH-HK-SZ 500 Index constituents and CSI SH-HK-SZ Connect Composite Index constituents, and the selection is based on CSI industry classification and thematic definition.</p></p>",中证沪港深互联互通非周期指数,CSI SH-HK-SZ Connect  non-Cyclical Industry Index,中证系列指数,CSI Indices,跨境,Cross Border,股票,Equity,主题,Thematic,人民币,CNY,沪港深,Hong Kong Connect
H30550,沪港深通金融服务,SHSC Financial Services,164.0,2341.96,3.52,1000.0,2004-12-31 00:00:00,2015-03-13,0,1,<p><p>中证沪港深主题指数系列基于中证沪港深互联互通综合指数样本股和中证沪港深500指数样本股，同时结合中证行业分类的主题定义，选取相应主题指数样本，从多种主题投资的角度反映了在沪港深三地上市的互联互通范围内证券的整体表现。</p></p>,"<p><p>CSI SH-HK-SZ Thematic Index Series measure the performance of the eligible securities listed on SSE, SZSE and HKEX under Shanghai-Hong Kong Stock Connect and Shenzhen-Hong Kong Stock Connect as the index constituents via variant thematic investment. The constituents are chosen from CSI SH-HK-SZ 500 Index constituents and CSI SH-HK-SZ Connect Composite Index constituents, and the selection is based on CSI industry classification and thematic definition.</p></p>",中证沪港深互联互通金融服务指数,CSI SH-HK-SZ Connect  Financial Services Index,中证系列指数,CSI Indices,跨境,Cross Border,股票,Equity,主题,Thematic,人民币,CNY,沪港深,Hong Kong Connect
H30551,沪港深通现代服务,SHSC Modern Service,739.0,2297.87,2.73,1000.0,2004-12-31 00:00:00,2015-03-13,0,1,<p><p>中证沪港深主题指数系列基于中证沪港深互联互通综合指数样本股和中证沪港深500指数样本股，同时结合中证行业分类的主题定义，选取相应主题指数样本，从多种主题投资的角度反映了在沪港深三地上市的互联互通范围内证券的整体表现。</p></p>,"<p><p>CSI SH-HK-SZ Thematic Index Series measure the performance of the eligible securities listed on SSE, SZSE and HKEX under Shanghai-Hong Kong Stock Connect and Shenzhen-Hong Kong Stock Connect as the index constituents via variant thematic investment. The constituents are chosen from CSI SH-HK-SZ 500 Index constituents and CSI SH-HK-SZ Connect Composite Index constituents, and the selection is based on CSI industry classification and thematic definition.</p></p>",中证沪港深互联互通现代服务指数,CSI SH-HK-SZ Connect  Modern Service Index,中证系列指数,CSI Indices,跨境,Cross Border,股票,Equity,主题,Thematic,人民币,CNY,沪港深,Hong Kong Connect
H30552,沪港深通TMT,SHSC TMT,383.0,4418.91,5.78,1000.0,2004-12-31 00:00:00,2015-03-13,0,1,<p><p>中证沪港深主题指数系列基于中证沪港深互联互通综合指数样本股和中证沪港深500指数样本股，同时结合中证行业分类的主题定义，选取相应主题指数样本，从多种主题投资的角度反映了在沪港深三地上市的互联互通范围内证券的整体表现。</p></p>,"<p><p>CSI SH-HK-SZ Thematic Index Series measure the performance of the eligible securities listed on SSE, SZSE and HKEX under Shanghai-Hong Kong Stock Connect and Shenzhen-Hong Kong Stock Connect as the index constituents via variant thematic investment. The constituents are chosen from CSI SH-HK-SZ 500 Index constituents and CSI SH-HK-SZ Connect Composite Index constituents, and the selection is based on CSI industry classification and thematic definition.</p></p>",中证沪港深互联互通TMT指数,CSI SH-HK-SZ Connect  TMT Index,中证系列指数,CSI Indices,跨境,Cross Border,股票,Equity,主题,Thematic,人民币,CNY,沪港深,Hong Kong Connect
H30553,沪港深通消费,SHSC Consumer,370.0,6940.0,13.18,1000.0,2004-12-31 00:00:00,2015-03-13,0,1,<p><p>中证沪港深主题指数系列基于中证沪港深互联互通综合指数样本股和中证沪港深500指数样本股，同时结合中证行业分类的主题定义，选取相应主题指数样本，从多种主题投资的角度反映了在沪港深三地上市的互联互通范围内证券的整体表现。</p></p>,"<p><p>CSI SH-HK-SZ Thematic Index Series measure the performance of the eligible securities listed on SSE, SZSE and HKEX under Shanghai-Hong Kong Stock Connect and Shenzhen-Hong Kong Stock Connect as the index constituents via variant thematic investment. The constituents are chosen from CSI SH-HK-SZ 500 Index constituents and CSI SH-HK-SZ Connect Composite Index constituents, and the selection is based on CSI industry classification and thematic definition.</p></p>",中证沪港深互联互通消费指数,CSI SH-HK-SZ Connect  Consumer Index,中证系列指数,CSI Indices,跨境,Cross Border,股票,Equity,主题,Thematic,人民币,CNY,沪港深,Hong Kong Connect
H30554,沪港深通信息产业,SHSC Information Industry,394.0,4164.73,6.08,1000.0,2004-12-31 00:00:00,2015-03-13,0,1,<p><p>中证沪港深主题指数系列基于中证沪港深互联互通综合指数样本股和中证沪港深500指数样本股，同时结合中证行业分类的主题定义，选取相应主题指数样本，从多种主题投资的角度反映了在沪港深三地上市的互联互通范围内证券的整体表现。</p></p>,"<p><p>CSI SH-HK-SZ Thematic Index Series measure the performance of the eligible securities listed on SSE, SZSE and HKEX under Shanghai-Hong Kong Stock Connect and Shenzhen-Hong Kong Stock Connect as the index constituents via variant thematic investment. The constituents are chosen from CSI SH-HK-SZ 500 Index constituents and CSI SH-HK-SZ Connect Composite Index constituents, and the selection is based on CSI industry classification and thematic definition.</p></p>",中证沪港深互联互通信息产业指数,CSI SH-HK-SZ Connect  Information Industry Index,中证系列指数,CSI Indices,跨境,Cross Border,股票,Equity,主题,Thematic,人民币,CNY,沪港深,Hong Kong Connect
H30555,沪港深通银行,SHSC Banks,54.0,2169.2,3.44,1000.0,2004-12-31 00:00:00,2015-03-13,0,1,<p><p>中证沪港深主题指数系列基于中证沪港深互联互通综合指数样本股和中证沪港深500指数样本股，同时结合中证行业分类的主题定义，选取相应主题指数样本，从多种主题投资的角度反映了在沪港深三地上市的互联互通范围内证券的整体表现。</p></p>,"<p><p>CSI SH-HK-SZ Thematic Index Series measure the performance of the eligible securities listed on SSE, SZSE and HKEX under Shanghai-Hong Kong Stock Connect and Shenzhen-Hong Kong Stock Connect as the index constituents via variant thematic investment. The constituents are chosen from CSI SH-HK-SZ 500 Index constituents and CSI SH-HK-SZ Connect Composite Index constituents, and the selection is based on CSI industry classification and thematic definition.</p></p>",中证沪港深互联互通银行指数,CSI SH-HK-SZ Connect Banks Index,中证系列指数,CSI Indices,跨境,Cross Border,股票,Equity,主题,Thematic,人民币,CNY,沪港深,Hong Kong Connect
H30556,沪港深通运输,SHSC Transportation,81.0,1271.62,4.29,1000.0,2004-12-31 00:00:00,2015-03-13,0,1,<p><p>中证沪港深主题指数系列基于中证沪港深互联互通综合指数样本股和中证沪港深500指数样本股，同时结合中证行业分类的主题定义，选取相应主题指数样本，从多种主题投资的角度反映了在沪港深三地上市的互联互通范围内证券的整体表现。</p></p>,"<p><p>CSI SH-HK-SZ Thematic Index Series measure the performance of the eligible securities listed on SSE, SZSE and HKEX under Shanghai-Hong Kong Stock Connect and Shenzhen-Hong Kong Stock Connect as the index constituents via variant thematic investment. The constituents are chosen from CSI SH-HK-SZ 500 Index constituents and CSI SH-HK-SZ Connect Composite Index constituents, and the selection is based on CSI industry classification and thematic definition.</p></p>",中证沪港深互联互通运输指数,CSI SH-HK-SZ Connect  Transportation Index,中证系列指数,CSI Indices,跨境,Cross Border,股票,Equity,主题,Thematic,人民币,CNY,沪港深,Hong Kong Connect
H30557,沪港深通资源,SHSC Nature Resource,93.0,2081.52,9.82,1000.0,2004-12-31 00:00:00,2015-03-13,0,1,<p><p>中证沪港深主题指数系列基于中证沪港深互联互通综合指数样本股和中证沪港深500指数样本股，同时结合中证行业分类的主题定义，选取相应主题指数样本，从多种主题投资的角度反映了在沪港深三地上市的互联互通范围内证券的整体表现。</p></p>,"<p><p>CSI SH-HK-SZ Thematic Index Series measure the performance of the eligible securities listed on SSE, SZSE and HKEX under Shanghai-Hong Kong Stock Connect and Shenzhen-Hong Kong Stock Connect as the index constituents via variant thematic investment. The constituents are chosen from CSI SH-HK-SZ 500 Index constituents and CSI SH-HK-SZ Connect Composite Index constituents, and the selection is based on CSI industry classification and thematic definition.</p></p>",中证沪港深互联互通资源指数,CSI SH-HK-SZ Connect  Nature Resource Index,中证系列指数,CSI Indices,跨境,Cross Border,股票,Equity,主题,Thematic,人民币,CNY,沪港深,Hong Kong Connect
H30558,沪港深通基建,SHSC Infrastructure,218.0,1354.09,2.1,1000.0,2004-12-31 00:00:00,2015-03-13,0,1,<p><p>中证沪港深主题指数系列基于中证沪港深互联互通综合指数样本股和中证沪港深500指数样本股，同时结合中证行业分类的主题定义，选取相应主题指数样本，从多种主题投资的角度反映了在沪港深三地上市的互联互通范围内证券的整体表现。</p></p>,"<p><p>CSI SH-HK-SZ Thematic Index Series measure the performance of the eligible securities listed on SSE, SZSE and HKEX under Shanghai-Hong Kong Stock Connect and Shenzhen-Hong Kong Stock Connect as the index constituents via variant thematic investment. The constituents are chosen from CSI SH-HK-SZ 500 Index constituents and CSI SH-HK-SZ Connect Composite Index constituents, and the selection is based on CSI industry classification and thematic definition.</p></p>",中证沪港深互联互通基建指数,CSI SH-HK-SZ Connect  Infrastructure Index,中证系列指数,CSI Indices,跨境,Cross Border,股票,Equity,主题,Thematic,人民币,CNY,沪港深,Hong Kong Connect
H30559,沪港深通物流,SHSC Logistics,82.0,772.34,4.29,1000.0,2004-12-31 00:00:00,2015-03-13,0,1,<p><p>中证沪港深主题指数系列基于中证沪港深互联互通综合指数样本股和中证沪港深500指数样本股，同时结合中证行业分类的主题定义，选取相应主题指数样本，从多种主题投资的角度反映了在沪港深三地上市的互联互通范围内证券的整体表现。</p></p>,"<p><p>CSI SH-HK-SZ Thematic Index Series measure the performance of the eligible securities listed on SSE, SZSE and HKEX under Shanghai-Hong Kong Stock Connect and Shenzhen-Hong Kong Stock Connect as the index constituents via variant thematic investment. The constituents are chosen from CSI SH-HK-SZ 500 Index constituents and CSI SH-HK-SZ Connect Composite Index constituents, and the selection is based on CSI industry classification and thematic definition.</p></p>",中证沪港深互联互通物流指数,CSI SH-HK-SZ Connect  Logistics Index,中证系列指数,CSI Indices,跨境,Cross Border,股票,Equity,主题,Thematic,人民币,CNY,沪港深,Hong Kong Connect
H30560,沪港深通休闲,SHSC Leisure,160.0,11223.5,9.53,1000.0,2004-12-31 00:00:00,2015-03-13,0,1,<p><p>中证沪港深主题指数系列基于中证沪港深互联互通综合指数样本股和中证沪港深500指数样本股，同时结合中证行业分类的主题定义，选取相应主题指数样本，从多种主题投资的角度反映了在沪港深三地上市的互联互通范围内证券的整体表现。</p></p>,"<p><p>CSI SH-HK-SZ Thematic Index Series measure the performance of the eligible securities listed on SSE, SZSE and HKEX under Shanghai-Hong Kong Stock Connect and Shenzhen-Hong Kong Stock Connect as the index constituents via variant thematic investment. The constituents are chosen from CSI SH-HK-SZ 500 Index constituents and CSI SH-HK-SZ Connect Composite Index constituents, and the selection is based on CSI industry classification and thematic definition.</p></p>",中证沪港深互联互通休闲指数,CSI SH-HK-SZ Connect  Leisure Index,中证系列指数,CSI Indices,跨境,Cross Border,股票,Equity,主题,Thematic,人民币,CNY,沪港深,Hong Kong Connect
H30561,沪港深500上游,SHSC 500 Upstream,23.0,1605.69,13.48,1000.0,2004-12-31 00:00:00,2015-03-13,0,1,<p><p>中证沪港深主题指数系列基于中证沪港深互联互通综合指数样本股和中证沪港深500指数样本股，同时结合中证行业分类的主题定义，选取相应主题指数样本，从多种主题投资的角度反映了在沪港深三地上市的互联互通范围内证券的整体表现。</p></p>,"<p><p>CSI SH-HK-SZ Thematic Index Series measure the performance of the eligible securities listed on SSE, SZSE and HKEX under Shanghai-Hong Kong Stock Connect and Shenzhen-Hong Kong Stock Connect as the index constituents via variant thematic investment. The constituents are chosen from CSI SH-HK-SZ 500 Index constituents and CSI SH-HK-SZ Connect Composite Index constituents, and the selection is based on CSI industry classification and thematic definition.</p></p>",中证沪港深500上游指数,CSI SH-HK-SZ 500 Upstream Industry Index,中证系列指数,CSI Indices,跨境,Cross Border,股票,Equity,主题,Thematic,人民币,CNY,沪港深,Hong Kong Connect
H30562,沪港深500中游,SHSC 500 Midstream,129.0,2949.65,18.44,1000.0,2004-12-31 00:00:00,2015-03-13,0,1,<p><p>中证沪港深主题指数系列基于中证沪港深互联互通综合指数样本股和中证沪港深500指数样本股，同时结合中证行业分类的主题定义，选取相应主题指数样本，从多种主题投资的角度反映了在沪港深三地上市的互联互通范围内证券的整体表现。</p></p>,"<p><p>CSI SH-HK-SZ Thematic Index Series measure the performance of the eligible securities listed on SSE, SZSE and HKEX under Shanghai-Hong Kong Stock Connect and Shenzhen-Hong Kong Stock Connect as the index constituents via variant thematic investment. The constituents are chosen from CSI SH-HK-SZ 500 Index constituents and CSI SH-HK-SZ Connect Composite Index constituents, and the selection is based on CSI industry classification and thematic definition.</p></p>",中证沪港深500中游指数,CSI SH-HK-SZ 500 Midstream Industry Index,中证系列指数,CSI Indices,跨境,Cross Border,股票,Equity,主题,Thematic,人民币,CNY,沪港深,Hong Kong Connect
H30563,沪港深500下游,SHSC 500 Downstream,194.0,6843.39,11.83,1000.0,2004-12-31 00:00:00,2015-03-13,0,1,<p><p>中证沪港深主题指数系列基于中证沪港深互联互通综合指数样本股和中证沪港深500指数样本股，同时结合中证行业分类的主题定义，选取相应主题指数样本，从多种主题投资的角度反映了在沪港深三地上市的互联互通范围内证券的整体表现。</p></p>,"<p><p>CSI SH-HK-SZ Thematic Index Series measure the performance of the eligible securities listed on SSE, SZSE and HKEX under Shanghai-Hong Kong Stock Connect and Shenzhen-Hong Kong Stock Connect as the index constituents via variant thematic investment. The constituents are chosen from CSI SH-HK-SZ 500 Index constituents and CSI SH-HK-SZ Connect Composite Index constituents, and the selection is based on CSI industry classification and thematic definition.</p></p>",中证沪港深500下游指数,CSI SH-HK-SZ 500 Downstream Industry Index,中证系列指数,CSI Indices,跨境,Cross Border,股票,Equity,主题,Thematic,人民币,CNY,沪港深,Hong Kong Connect
H30564,沪港深500周期,SHSC 500 Cyclical,194.0,1892.03,4.76,1000.0,2004-12-31 00:00:00,2015-03-13,0,1,<p><p>中证沪港深主题指数系列基于中证沪港深互联互通综合指数样本股和中证沪港深500指数样本股，同时结合中证行业分类的主题定义，选取相应主题指数样本，从多种主题投资的角度反映了在沪港深三地上市的互联互通范围内证券的整体表现。</p></p>,"<p><p>CSI SH-HK-SZ Thematic Index Series measure the performance of the eligible securities listed on SSE, SZSE and HKEX under Shanghai-Hong Kong Stock Connect and Shenzhen-Hong Kong Stock Connect as the index constituents via variant thematic investment. The constituents are chosen from CSI SH-HK-SZ 500 Index constituents and CSI SH-HK-SZ Connect Composite Index constituents, and the selection is based on CSI industry classification and thematic definition.</p></p>",中证沪港深500周期指数,CSI SH-HK-SZ 500 Cyclical Industry Index,中证系列指数,CSI Indices,跨境,Cross Border,股票,Equity,主题,Thematic,人民币,CNY,沪港深,Hong Kong Connect
H30565,沪港深500非周期,SHSC 500 non-Cyclical,306.0,5352.18,12.95,1000.0,2004-12-31 00:00:00,2015-03-13,0,1,<p><p>中证沪港深主题指数系列基于中证沪港深互联互通综合指数样本股和中证沪港深500指数样本股，同时结合中证行业分类的主题定义，选取相应主题指数样本，从多种主题投资的角度反映了在沪港深三地上市的互联互通范围内证券的整体表现。</p></p>,"<p><p>CSI SH-HK-SZ Thematic Index Series measure the performance of the eligible securities listed on SSE, SZSE and HKEX under Shanghai-Hong Kong Stock Connect and Shenzhen-Hong Kong Stock Connect as the index constituents via variant thematic investment. The constituents are chosen from CSI SH-HK-SZ 500 Index constituents and CSI SH-HK-SZ Connect Composite Index constituents, and the selection is based on CSI industry classification and thematic definition.</p></p>",中证沪港深500非周期指数,CSI SH-HK-SZ 500 non-Cyclical Industry Index,中证系列指数,CSI Indices,跨境,Cross Border,股票,Equity,主题,Thematic,人民币,CNY,沪港深,Hong Kong Connect
930626,沪港深内地保险,SHS Mainland Insurance,15.0,1363.18,0.24,1000.0,2007-06-29 00:00:00,2015-04-21,0,1,<p><p>中证沪港深内地保险指数从保险主题投资的角度反映了在沪深港三地上市&nbsp;证券的整体表现。</p></p>,"<p><p>CSI SH-HK-SZ Mainland Insurance Index Series measure the performance of the securities listed in Shanghai, Shenzhen and Hong Kong market via insurance thematic investment. The constituents’ selection is based on CSI industry classification and thematic definition.&nbsp;</p></p>",中证沪港深内地保险指数,CSI SH-HK-SZ Mainland Insurance Index,中证系列指数,CSI Indices,跨境,Cross Border,股票,Equity,主题,Thematic,人民币,CNY,,
930636,陆港体育,SSH Sport,26.0,2275.23,-1.81,1000.0,2012-06-29 00:00:00,2015-05-13,0,1,中证沪深港体育产业指数从体育产业主题投资的角度反映了在沪深港三地上市证券的整体表现。,"CSI SH-SZ-HK Sport Industry Index measures the performance of the securities listed in Shanghai, Shenzhen and Hong Kong market via Sport Industry thematic investment. The constituents selection is based on CSI industry classification and thematic definition.",中证沪深港体育产业指数,CSI SH-SZ-HK Sport Industry Index,中证系列指数,CSI Indices,跨境,Cross Border,股票,Equity,主题,Thematic,人民币,CNY,沪港深,Hong Kong Connect
930709,香港证券,HK Securities,21.0,1108.03,9.79,1000.0,2012-12-31 00:00:00,2015-07-13,0,1,<p><p>中证香港证券投资主题指数从符合港股通条件的港股中选取一定数量的证券投资主题类股票作为指数样本股，采用自由流通市值加权，以反映港股通范围内证券投资主题类公司的整体表现。</p></p>,<p><p>CSI&nbsp;Hong&nbsp;Kong&nbsp;Securities&nbsp;Investment&nbsp;Thematic&nbsp;Index&nbsp;selects&nbsp;a&nbsp;certainnumber&nbsp;of&nbsp;securities&nbsp;investment&nbsp;companies&nbsp;under&nbsp;Hong&nbsp;Kong&nbsp;Stock&nbsp;Connect&nbsp;as&nbsp;theindex&nbsp;constituents.&nbsp;The&nbsp;Index&nbsp;is&nbsp;weighted&nbsp;by&nbsp;free&nbsp;float&nbsp;market&nbsp;cap.&nbsp;It&nbsp;aims&nbsp;toreflect&nbsp;the&nbsp;performance&nbsp;of&nbsp;securities&nbsp;investment&nbsp;companies&nbsp;under&nbsp;Hong&nbsp;Kong&nbsp;Stock&nbsp;Connect.</p></p>,中证香港证券投资主题指数,CSI Hong Kong Securities Investment Thematic Index,中证系列指数,CSI Indices,境外,Overseas(including HK),股票,Equity,主题,Thematic,港元,HKD,,
930723,沪港深F100,CSI RAFI SHS 100,99.0,3696.83,2.33,3000.0,2014-11-14 00:00:00,2015-08-05,0,1,<p><p>中证锐联沪港深基本面100指数以沪深交易所和香港联合交易所互联互通机制规定范围内可交易的基本面价值最大的100只A股及港股为成分股，采用基本面价值加权计算。</p></p>,<p><p>CSI RAFI SH-HK-SZ 100 Index selects 100 stocks with the largest fundamental value as constituents from designated equity securities listed on domestic stock exchanges (Shanghai and Shenzhen Stock Exchange) and the Stock Exchange of Hong Kong Limited under the Stock Connect Mechanism between Mainland China and Hong Kong. The Index is weighted by fundamental value.</p></p>,中证锐联沪港深基本面100指数,CSI RAFI SH-HK-SZ 100 Index,中证系列指数,CSI Indices,跨境,Cross Border,股票,Equity,策略,Strategy,人民币,CNY,沪港深,Hong Kong Connect
930746,港中小企,HK Middle-Small Corporations,150.0,3428.55,8.8,3000.0,2014-11-14 00:00:00,2015-08-26,0,1,<p><p>中证香港中小企业投资主题指数选取香港上市的中小企业作为样本股，采用自由流通市值加权计算，以把握香港市场中小企业的投资机会。</p></p>,<p><p>CSI Hong Kong Middle-Small Corporations Investment Thematic Index measure the performance of the Middle-Small Corporations listed in Hong Kong market.</p></p>,中证香港中小企业投资主题指数,CSI Hong Kong Middle-Small Corporations Investment Thematic,中证系列指数,CSI Indices,境外,Overseas(including HK),股票,Equity,主题,Thematic,港元,HKD,,
930836,沪港深高股息,CSI SHS High Dividend Yield,100.0,4934.25,-3.38,3000.0,2014-11-14 00:00:00,2016-06-08,0,1,<p><p>中证沪港深高股息精选指数从沪深A股以及符合港股通条件的港股中选取100只流动性好、连续分红、股息率高、盈利持续且具有成长性的股票作为指数样本股，采用股息率加权，以反映沪港深三地市场股息率高、盈利持续且具有成长性的股票的整体表现。</p></p>,"<p><p>CSI SH-HK-SZ High Dividend Yield Select Index selects 100 stocks which are characterized by good liquidity, continuous dividend-paying record, high dividend yield, persistent earnings and growth as constituents. The Index is weighted by dividend yield. It aims to reflect the performance of high dividend yield companies with persistent earnings and growth in Shanghai, Shenzhen and Hong Kong market.</p></p>",中证沪港深高股息精选指数,CSI SH-HK-SZ High Dividend Yield Select Index,中证系列指数,CSI Indices,跨境,Cross Border,股票,Equity,策略,Strategy,人民币,CNY,沪港深,Hong Kong Connect
930858,沪港深质量,CSI SHS Quality,99.0,5305.75,0.88,3000.0,2014-11-14 00:00:00,2016-07-12,0,1,该指数从沪深A股以及符合港股通条件的港股中选取100只流动性好、盈利能力高且可持续、现金流量较为充沛且兼具成长性的股票作为指数样本股，以反映沪港深三地市场盈利能力高且可持续、现金流量较为充沛且兼具成长性的股票的整体表现。,"CSI SH-HK-SZ Quality and Growth Index selects 100 stocks which are characterized by good liquidity, high profitability, persistent earnings, abundant cash flow and growth as constituents. It aims to reflect the performance of companies with high profitability, persistent earnings, abundant cash flow and growth in Shanghai, Shenzhen and Hong Kong market.",中证沪港深质量成长指数,CSI SH-HK-SZ Quality and Growth Index,中证系列指数,CSI Indices,跨境,Cross Border,股票,Equity,策略,Strategy,人民币,CNY,沪港深,Hong Kong Connect
930861,香港EQ,HK Earnings Quality,98.0,3056.18,5.47,3000.0,2014-11-14 00:00:00,2016-07-12,0,1,该指数从符合港股通条件的港股中选取100只流动性好、盈利质量较高的股票作为指数样本股，以反映香港市场盈利质量较高的股票的整体表现。,CSI Hong Kong Earnings Quality Index selects 100 Hong Kong stocks which are characterized by good liquidity and high earnings quality as constituents. It aims to reflect the performance of companies with high earnings quality in Hong Kong market.,中证香港盈利质量指数,CSI Hong Kong Earnings Quality Index,中证系列指数,CSI Indices,境外,Overseas(including HK),股票,Equity,策略,Strategy,港元,HKD,Smart Beta,Smart Beta
930863,沪港深EQ,CSI SHS Earnings Quality,100.0,4042.28,5.26,3000.0,2014-11-14 00:00:00,2016-07-12,0,1,该指数从沪深A股以及符合港股通条件的港股中选取100只流动性好、盈利质量较高的股票作为指数样本股，以反映沪港深三地市场盈利质量较高的股票的整体表现。,"CSI SH-HK-SZ Earnings Quality Index selects 100 stocks which are characterized by good liquidity and high earnings quality as constituents. It aims to reflect the performance of companies with high earnings quality in Shanghai, Shenzhen and Hong Kong market.",中证沪港深盈利质量指数,CSI SH-HK-SZ Earnings Quality Index,中证系列指数,CSI Indices,跨境,Cross Border,股票,Equity,策略,Strategy,人民币,CNY,沪港深,Hong Kong Connect
930876,香港彩娱,HK Gaming Entertainment,20.0,3522.41,2.91,3000.0,2014-11-14 00:00:00,2016-08-17,0,1,中证香港博彩娱乐主题投资指数选取港股通范围内的博彩娱乐主题相关公司作为样本股，采用自由流通市值加权计算，以反映港股通范围内博彩娱乐主题相关公司的整体状况和走势。,"CSI Hong Kong Gaming Entertainment Thematic Investment Index selects Gaming Entertainment related securities from the eligible securities of HK stock connect Southbound Trading, weighted by free float Market Capitalization. The index can measure the overall performance of Gaming Entertainment related securities from the eligible securities of HK stock connect Southbound Trading.",中证香港博彩娱乐主题投资指数,CSI HK Gaming Entertainment Thematic Investment Index,中证系列指数,CSI Indices,境外,Overseas(including HK),股票,Equity,主题,Thematic,港元,HKD,,
930907,香港海外高股息,HK Overseas High Dividend Yield,30.0,2085.45,1.39,3000.0,2014-11-14 00:00:00,2016-11-07,0,1,中证香港海外高股息指数从符合港股通条件的非内地港股中选取30只流动性好、连续分红、股息率高的股票作为样本股，采用股息率加权，以反映香港市场连续分红且股息率较高的非内地企业股票的整体表现。,"CSI Hong Kong Overseas High Dividend Yield Index selects 30 Hong Kong overseas stocks which are characterized by good liquidity, continuous dividend-paying record, high dividend yield as constituents. The Index is weighted by dividend yield. It aims to reflect the performance of continuous dividend-paying record and high dividend yield overseas companies in Hong Kong market.",中证香港海外高股息指数,CSI HK Overseas High Dividend Yield Index,中证系列指数,CSI Indices,境外,Overseas(including HK),股票,Equity,策略,Strategy,港元,HKD,红利/高股息,High Dividend
930914,港股通高股息,HK Connect HDY,30.0,4047.83,4.41,3000.0,2014-11-14 00:00:00,2016-11-25,0,1,<p><p>中证港股通高股息投资指数从符合港股通条件的港股中选取30只流动性好、连续分红、股息率高的股票作为样本股，采用股息率加权，以反映港股通范围内连续分红且股息率较高的股票整体表现。</p></p>,"<p><p>CSI Hong Kong Connect High Dividend Yield Investment Index selects 30 Hong Kong stocks which are characterized by good liquidity, continuous dividend-paying record, high dividend yield as constituents. The Index is weighted by dividend yield. It aims to reflect the overall performance of continuous dividend-paying record and high dividend yield eligible securities of Hong Kong Connect.</p></p>",中证港股通高股息投资指数,CSI Hong Kong Connect High Dividend Yield Investment Index,中证系列指数,CSI Indices,境外,Overseas(including HK),股票,Equity,主题,Thematic,港元,HKD,红利/高股息,High Dividend
930930,港股综合,HK Connect Composite,498.0,4075.04,8.12,3000.0,2014-11-14 00:00:00,2017-01-16,0,1,中证港股通综合指数选取符合港股通资格的普通股作为样本股，采用自由流通市值加权计算，以反映港股通范围内上市公司的整体状况和走势。,"CSI HK Connect Composite Index selects eligible common equity securities listed on SEHK under Hong Kong Stock Connect as the index constituents, weighted by free float market cap. The index is designed to reflect the market performance of eligible HK equity securities under Hong Kong Stock Connect.",中证港股通综合指数,CSI HK Connect Composite Index,中证系列指数,CSI Indices,境外,Overseas(including HK),股票,Equity,主题,Thematic,港元,HKD,沪港深,Hong Kong Connect
930931,港股通50,HK Connect 50,50.0,4047.17,6.88,3000.0,2014-11-14 00:00:00,2017-01-16,0,1,中证港股通50指数选取港股通范围内的最大50家公司作为样本股，采用自由流通市值加权计算，以反映港股通范围内大市值股票的整体状况和走势。,"CSI HK Connect 50 Index selects the biggest 50 eligible common equity securities listed on SEHK under Hong Kong Stock Connect as the index constituents, weighted by free float market cap. The index is designed to reflect the market performance of large eligible HK equity securities under Hong Kong Stock Connect.",中证港股通50指数,CSI HK Connect 50 Index,中证系列指数,CSI Indices,境外,Overseas(including HK),股票,Equity,主题,Thematic,港元,HKD,沪港深,Hong Kong Connect
930945,香港新股,HK IPO,127.0,6313.87,19.22,1000.0,2004-12-31 00:00:00,2017-03-17,0,1,中证香港新股指数以香港交易所主板上市的普通股为样本空间，选取流动性较好的新股作为指数样本股，采用自由流通市值加权，以反映香港交易所主板市场新股上市初期的整体运行特征。,"CSI HK IPO Index selects IPO stocks which are characterized by good liquidity from the Main board of HKEx, weighted by free float adjusted market capitalization. It aims to reflect the preliminary characteristics of IPOs listed on the Main board of HKEx.",中证香港新股指数,CSI HK IPO Index,中证系列指数,CSI Indices,境外,Overseas(including HK),股票,Equity,主题,Thematic,港元,HKD,,
930990,港股通红利低波,HK Connect DLV,50.0,2806.46,3.18,3000.0,2014-11-14 00:00:00,2017-06-28,0,1,中证港股通红利低波动指数从符合港股通条件的港股中选取50只流动性好、连续分红、股息率高且波动率低的股票作为指数样本股，采用股息率加权，以反映港股通范围内股息率高且波动率低的股票整体表现。,"CSI Hong Kong Connect Dividend Low Volatility Index selects 50 Hong Kong stocks which are characterized by good liquidity, continuous dividend-paying record, high dividend yield and low volatility as constituents. The Index is weighted by dividend yield. It aims to reflect the overall performance of high dividend yield and low volatility eligible securities under Hong Kong Connect.",中证港股通红利低波动指数,CSI Hong Kong Connect Dividend Low Volatility Index,中证系列指数,CSI Indices,境外,Overseas(including HK),股票,Equity,策略,Strategy,港元,HKD,Smart Beta,Smart Beta
930992,沪港深红利低波,CSI SHS DLV,100.0,4188.41,-0.42,3000.0,2014-11-14 00:00:00,2017-06-28,0,1,中证沪港深红利低波动指数从沪深A股以及符合港股通条件的港股中选取100只流动性好、连续分红、股息率高且波动率低的股票作为指数样本股，采用股息率加权，以反映沪港深三地市场股息率高且波动率低的股票整体表现。,"CSI SH-HK-SZ Dividend Low Volatility Index selects 100 stocks which are characterized by good liquidity, continuous dividend-paying record, high dividend yield and low volatility as constituents. The Index is weighted by dividend yield. It aims to reflect the performance of high dividend yield and low volatility companies in Shanghai, Shenzhen and Hong Kong market.",中证沪港深红利低波动指数,CSI SH-HK-SZ Dividend Low Volatility Index,中证系列指数,CSI Indices,跨境,Cross Border,股票,Equity,策略,Strategy,港元,HKD,沪港深,Hong Kong Connect
CESP50,中华港股通优选50,CES SCHK50,50.0,3197.77,7.0,2000.0,2011-12-30 00:00:00,2018-01-04,0,1,<p><p>中华港股通优选&nbsp;50&nbsp;指数(中华港股通优选&nbsp;50)为股票价格指数，旨在反映“港股通股票”内，于香港联合交易所上市市值首五十名蓝筹股之表现。</p></p>,<p><p>CES Stock Connect Hong Kong Premier 50 Index (CES SCHK50) is a price return index provides a measure of market performance for 50 of the largest securities eligible for “Southbound Trading under Stock Connect” listed on the Stock Exchange of Hong Kong Limited (SEHK).</p></p>,中华港股通优选50指数,CES Stock Connect Hong Kong Premier 50 Index,中华交易系列指数,CESC Indices,境外,Overseas(including HK),股票,Equity,规模,Size,港元,HKD,,
930644,港股通中国内地,HK Connect China,419.0,4541.76,9.49,3000.0,2014-11-14 00:00:00,2018-08-14,0,1,中证港股通中国内地企业综合指数从港股通合资格标的内选取中国内地企业组成样本股，以反映港股通范围内中国内地企业的整体表现。,"CSI HK Connect China Mainland Enterprises Composite Index selects all common equity securities of China Mainland Companies Listed on SEHK under Hong Kong Stock Connect as the index constituents, weighted by free float market cap. The index is designed to reflect the overall performance of all Chinese mainland companies eligible for Hong Kong Stock Connect Southbound.",中证港股通中国内地企业综合指数,CSI HK Connect China Mainland Enterprises Composite Index,中证系列指数,CSI Indices,境外,Overseas(including HK),股票,Equity,主题,Thematic,港元,HKD,,
930923,港中国中小,HK China Small&Mid,386.0,1378.43,13.62,1000.0,2009-12-31 00:00:00,2018-09-28,0,1,中证香港中国中小综合指数从香港上市的中小型股中选取中国内地企业组成指数样本股，以反映香港上市的中小型中国内地企业的整体表现。,"CSI HK China Small&Mid Composite Index selects middle and small securities of Chinese Mainland Companies listed on SEHK as index constituents, weighted by free float market cap. The index is designed to reflect the overall performance of Chinese middle and small companies listed on SEHK. ",中证香港中国中小综合指数,CSI HK China Small&Mid Composite Index,中证系列指数,CSI Indices,境外,Overseas(including HK),股票,Equity,主题,Thematic,港元,HKD,,
CESHKB,中华香港生物科技,CES HK Biotech,26.0,11733.9,20.1,2000.0,2014-12-12 00:00:00,2018-11-14,0,1,<p><p>中华交易服务香港生物科技指数(中华香港生物科技)为股票价格指数，旨在反映于香港上市的生物科技公司的股价表现。</p></p>,<p><p>CES HK Biotechnology Index (CES HK Biotech) is a price return index provides a measure of market performance for biotechnology companies listed on the Stock Exchange of Hong Kong Limited (SEHK).</p></p>,中华交易服务香港生物科技指数,CES HK Biotechnology Index,中华交易系列指数,CESC Indices,境外,Overseas(including HK),股票,Equity,主题,Thematic,港元,HKD,,
930925,沪港深保险,SHS Insurance,17.0,1336.89,1.61,1000.0,2014-12-31 00:00:00,2018-11-21,0,1,中证沪港深保险指数从保险行业投资的角度反映了在沪深港三地上市证券的整体表现。,CSI SH-HK-SZ Insurance Sector Index is designed to reflect market performance of eligible insurance companies listed on SSE/SZSE/SEHK.,中证沪港深保险行业指数,CSI SH-HK-SZ Insurance Sector Index,中证系列指数,CSI Indices,跨境,Cross Border,股票,Equity,行业,Sector,人民币,CNY,沪港深,Hong Kong Connect
931395,沪港深300,SHS 300,300.0,1937.02,10.5,1000.0,2014-11-14 00:00:00,2020-01-14,0,1,<p><p>中证沪港深<font>300</font>指数从沪港深三地上市股票中选取流动性较好、市值较大的<font>300</font>只股票组成指数样本，以反映沪港深三地上市公司股票的整体表现。</p></p>,"<p><p>CSI&nbsp;SH-HK-SZ&nbsp;300&nbsp;Index&nbsp;selects&nbsp;300&nbsp;stocks&nbsp;with&nbsp;the&nbsp;largest&nbsp;marketcapitalization&nbsp;and&nbsp;liquidity&nbsp;from&nbsp;the&nbsp;stocks&nbsp;listed&nbsp;on&nbsp;SSE,&nbsp;SZSE&nbsp;and&nbsp;HKEX&nbsp;asthe&nbsp;index&nbsp;constituents.&nbsp;This&nbsp;index&nbsp;is&nbsp;designed&nbsp;to&nbsp;reflect&nbsp;the&nbsp;marketperformance&nbsp;of&nbsp;300&nbsp;stocks&nbsp;traded&nbsp;on&nbsp;Shanghai,&nbsp;Shenzhen&nbsp;and&nbsp;Hong&nbsp;Kong&nbsp;stockexchanges.</p></p>",中证沪港深300指数,CSI SH-HK-SZ 300 Index,中证系列指数,CSI Indices,跨境,Cross Border,股票,Equity,规模,Size,人民币,CNY,,
931485,MG沪港深120,MG SHS 120,120.0,2451.89,5.51,1000.0,2014-11-14 00:00:00,2020-05-06,0,1,<p><p>中证迈格沪港深120指数从沪港深三地上市公司股票中选取120只盈利能力较高、现金流较为充沛、成长能力较高且估值相对较低的股票作为指数样本股，以反映沪港深三地市场基本面较为健康的上市公司股票的整体表现。</p></p>,"<p><p><font></font></p><p></p><p><font>CSI&nbsp;MarketGrader&nbsp;SH-HK-SZ&nbsp;120&nbsp;Index&nbsp;selects&nbsp;120&nbsp;stocks&nbsp;listed&nbsp;onShanghai,&nbsp;Shenzhen&nbsp;or&nbsp;Hong&nbsp;Kong&nbsp;Stock&nbsp;Exchange&nbsp;which&nbsp;are&nbsp;characterized&nbsp;by&nbsp;highprofitability,&nbsp;abundant&nbsp;cash&nbsp;flow,&nbsp;high&nbsp;growth&nbsp;capability&nbsp;and&nbsp;low&nbsp;valuation&nbsp;asconstituents.&nbsp;It&nbsp;aims&nbsp;to&nbsp;reflect&nbsp;the&nbsp;overall&nbsp;performance&nbsp;of&nbsp;companies&nbsp;listed&nbsp;onShanghai,&nbsp;Shenzhen&nbsp;or&nbsp;Hong&nbsp;Kong&nbsp;Stock&nbsp;Exchange&nbsp;which&nbsp;are&nbsp;characterized&nbsp;by&nbsp;soundfundamentals.</font></p></p>",中证迈格沪港深120指数,CSI MarketGrader SH-HK-SZ 120 Index,中证系列指数,CSI Indices,跨境,Cross Border,股票,Equity,策略,Strategy,人民币,CNY,,
931497,沪港深新基建,SHS New Infrastructure,100.0,1805.66,10.09,1000.0,2014-12-31 00:00:00,2020-07-07,0,1,<p><p><font>中证沪港深内地新型基础设施建设主题指数从沪港深三地市场中选取</font>100<font>只业务涉及</font><font>5G</font><font>基础设施、人工智能、大数据中心、工业互联网、特高压、城际高铁和轨道交通、新能源汽车充电桩等新型基础设施建设的上市公司证券作为指数样本，以反映沪港深三地市场新基建领域上市公司证券的整体表现。</font><br></p></p>,"<p><p>CSI&nbsp;SH-HK-SZ&nbsp;Mainland&nbsp;New&nbsp;Infrastructure&nbsp;Thematic&nbsp;Index&nbsp;is&nbsp;composed&nbsp;of&nbsp;100&nbsp;securities&nbsp;involving&nbsp;5G&nbsp;infrastructure,&nbsp;artificial&nbsp;intelligence,&nbsp;big&nbsp;data&nbsp;centers,&nbsp;industrial&nbsp;internet,&nbsp;ultra-high&nbsp;voltage,&nbsp;intercity&nbsp;high-speed&nbsp;rails&nbsp;and&nbsp;rail&nbsp;transportation,&nbsp;charging&nbsp;piles&nbsp;for&nbsp;new&nbsp;energy&nbsp;vehicle&nbsp;and&nbsp;other&nbsp;new&nbsp;infrastructure&nbsp;construction&nbsp;from&nbsp;the&nbsp;stocks&nbsp;listed&nbsp;on&nbsp;SSE,&nbsp;SZSE&nbsp;and&nbsp;HKEX&nbsp;as&nbsp;the&nbsp;index&nbsp;constituents.&nbsp;The&nbsp;index&nbsp;is&nbsp;to&nbsp;measure&nbsp;the&nbsp;overall&nbsp;performance&nbsp;of&nbsp;the&nbsp;new&nbsp;infrastructure&nbsp;theme&nbsp;securities.<br></p></p>",中证沪港深内地新型基础设施建设主题指数,CSI SH-HK-SZ Mainland New Infrastructure Thematic Index,中证系列指数,CSI Indices,跨境,Cross Border,股票,Equity,主题,Thematic,人民币,CNY,,
931638,港股互联网,HK Internet,,2135.4,,1000.0,2016-12-30 00:00:00,2021-01-11,0,1,<p><p><font>中证香港互联网指数从香港市场选取</font>30<font>只涉及互联网相关业务的上市公司证券作为指数样本，以反映香港市场互联网主题上市公司证券的整体表现。</font></p></p>,<p><p>CSI&nbsp;Hong&nbsp;Kong&nbsp;Internet&nbsp;Index&nbsp;selects&nbsp;30&nbsp;securities&nbsp;of&nbsp;HKEx&nbsp;listed&nbsp;Internet&nbsp;companies&nbsp;as&nbsp;the&nbsp;index&nbsp;constituents.&nbsp;The&nbsp;index&nbsp;is&nbsp;to&nbsp;measure&nbsp;the&nbsp;overall&nbsp;performance&nbsp;of&nbsp;the&nbsp;Internet&nbsp;companies&nbsp;listed&nbsp;on&nbsp;the&nbsp;Hong&nbsp;Kong&nbsp;Stock&nbsp;Exchange.</p><p>&nbsp;</p></p>,中证香港互联网指数,CSI Hong Kong Internet Index,中证系列指数,CSI Indices,跨境,Cross Border,股票,Equity,主题,Thematic,港元,HKD,,
